Sharing Economy Firm,Incumbent Firms,Ticker,Exchange,CI,Market Index,ISF,Date_End(t=1),Date_End(t=12),Date_End(t=24),Date_End(t=3),Date_End(t=36),Date_End(t=6),SP_End(t=1),SP_End(t=12),SP_End(t=24),SP_End(t=3),SP_End(t=36),SP_End(t=6),SP_Start(t=1),SP_Start(t=12),SP_Start(t=24),SP_Start(t=3),SP_Start(t=36),SP_Start(t=6),Volume_End(t=1),Volume_End(t=12),Volume_End(t=24),Volume_End(t=3),Volume_End(t=36),Volume_End(t=6),Volume_Start(t=1),Volume_Start(t=12),Volume_Start(t=24),Volume_Start(t=3),Volume_Start(t=36),Volume_Start(t=6),S&P500_End(t=1),S&P500_End(t=12),S&P500_End(t=24),S&P500_End(t=3),S&P500_End(t=36),S&P500_End(t=6),S&P500_Start(t=1),S&P500_Start(t=12),S&P500_Start(t=24),S&P500_Start(t=3),S&P500_Start(t=36),S&P500_Start(t=6),% Change in Share Price (t=1),% Change in Share Price (t=3),% Change in Share Price (t=6),% Change in Share Price (t=12),% Change in Share Price (t=24),% Change in Share Price (t=36),% Change in Volume (t=1),% Change in Volume (t=3),% Change in Volume (t=6),% Change in Volume (t=12),% Change in Volume (t=24),% Change in Volume (t=36),% Change in S&P500 (t=1),% Change in S&P500 (t=3),% Change in S&P500 (t=6),% Change in S&P500 (t=12),% Change in S&P500 (t=24),% Change in S&P500 (t=36),NASDAQ,NYSE,Other,Sharing Firm Introduced,Relatedness with Sharing Firm
Airbnb,Marriott International,MAR,NASDAQ,1,IXIC,0,8/31/08,8/31/08,8/31/08,8/31/08,8/31/08,8/31/08,26.3029,26.3029,26.3029,26.3029,26.3029,26.3029,24.1584,41.4171,35.1141,30.6852,29.4684,31.7947,2756931,2756931,2756931,2756931,2756931,2756931,3808057,1691184,1567547,3861316,5814058,3165477,1282.83,1282.83,1282.83,1282.83,1282.83,1282.83,1267.38,1473.99,1303.82,1400.38,1220.33,1330.63,8.876829591,-14.28147772,-17.2726901,-36.49265641,-25.09305379,-10.74201518,-27.60268557,-28.60125926,-12.90630133,63.01780291,75.87549209,-52.58163919,1.219050324,-8.394150159,-3.592283355,-12.96888039,-1.6098848,5.121565478,1,0,0,No,Closely Related
Airbnb,Marriott International,MAR,NASDAQ,1,IXIC,1,9/30/08,8/31/09,8/31/10,11/30/08,8/31/11,2/28/09,24.3262,22.4513,30.1416,15.6549,27.599,13.2027,26.3029,26.3029,26.3029,26.3029,26.3029,26.3029,8810031,3111839,3918942,1496529,3761589,6908523,2756931,2756931,2756931,2756931,2756931,2756931,1166.36,1020.63,1049.33,896.24,1218.89,735.09,1282.83,1282.83,1282.83,1282.83,1282.83,1282.83,-7.515140916,-40.4822282,-49.80515456,-14.64325226,14.59420824,4.927593535,219.5593579,-45.71757509,150.5874467,12.87330006,42.14871537,36.44117317,-9.079145327,-30.13571557,-42.69778537,-20.43918524,-18.20194414,-4.984292541,1,0,0,Yes,Closely Related
Airbnb,iShares Europe ETF,IEV,NYSEARCA,0,NYA,0,8/31/08,8/31/08,8/31/08,8/31/08,8/31/08,8/31/08,45.48,45.48,45.48,45.48,45.48,45.48,47.36,56.68,47.975,55.055,39.65,51.895,488027,488027,488027,488027,488027,488027,228441,961600,351200,573068,103800,2752808,1282.83,1282.83,1282.83,1282.83,1282.83,1282.83,1267.38,1473.99,1303.82,1400.38,1220.33,1330.63,-3.969594595,-17.39169921,-12.36149918,-19.76005646,-5.200625326,14.703657,113.6337172,-14.83960019,-82.27166588,-49.2484401,38.95985194,370.1608863,1.219050324,-8.394150159,-3.592283355,-12.96888039,-1.6098848,5.121565478,0,0,1,No,Less Closely Related
Airbnb,iShares Europe ETF,IEV,NYSEARCA,0,NYA,1,9/30/08,8/31/09,8/31/10,11/30/08,8/31/11,2/28/09,39.86,36.69,33.99,29.28,36.17,23.72,45.48,45.48,45.48,45.48,45.48,45.48,629041,264318,4036695,419273,160156,841831,488027,488027,488027,488027,488027,488027,1166.36,1020.63,1049.33,896.24,1218.89,735.09,1282.83,1282.83,1282.83,1282.83,1282.83,1282.83,-12.35708004,-35.62005277,-47.84520668,-19.32717678,-25.26385224,-20.4705365,28.89471279,-14.08815496,72.49680858,-45.839472,727.1458341,-67.18296324,-9.079145327,-30.13571557,-42.69778537,-20.43918524,-18.20194414,-4.984292541,0,0,1,Yes,Less Closely Related
Bird,Dorel Industries Inc Class B,DIIBF,OTCMKTS,1,OTCQX,0,9/30/17,9/30/17,9/30/17,9/30/17,9/30/17,9/30/17,23.9105,23.9105,23.9105,23.9105,23.9105,23.9105,23.08,26.919,23.5173,25.79,30,23.4,3203,3203,3203,3203,3203,3203,376,65,568,2893,2178,454,2519.36,2519.36,2519.36,2519.36,2519.36,2519.36,2457.59,2168.27,1920.03,2423.41,1972.29,2368.06,3.598353553,-7.287708414,2.181623932,-11.17612096,1.671960642,-20.29833333,751.8617021,10.71552022,605.5066079,4827.692308,463.9084507,47.06152433,2.513437962,3.959297024,6.38919622,16.19217164,31.21461644,27.73780732,0,0,1,No,Closely Related
Bird,Dorel Industries Inc Class B,DIIBF,OTCMKTS,1,OTCQX,1,10/30/17,9/30/18,9/30/19,12/30/17,9/30/20,3/30/18,25.7423,17.83,6.8,24.5872,9.0025,22.5395,23.9105,23.9105,23.9105,23.9105,23.9105,23.9105,450,182,6700,456,8964,636,3203,3203,3203,3203,3203,3203,2572.83,2913.98,2976.74,2673.61,3363,2640.87,2519.36,2519.36,2519.36,2519.36,2519.36,2519.36,7.661069405,2.830137387,-5.733882604,-25.43025031,-71.56061145,-62.34917714,-85.95067125,-85.76334686,-80.14361536,-94.31782704,109.1788948,179.8626288,2.12236441,6.122586689,4.823050298,15.66350184,18.15461069,33.48628223,0,0,1,Yes,Closely Related
Bird,Innospec Inc.,IOSP,NASDAQ,0,IXIC,0,9/30/17,9/30/17,9/30/17,9/30/17,9/30/17,9/30/17,61.65,61.65,61.65,61.65,61.65,61.65,55.2,60.81,46.51,65.55,35.9,63.8,117538,117538,117538,117538,117538,117538,67222,327779,262339,97359,113321,65714,2519.36,2519.36,2519.36,2519.36,2519.36,2519.36,2457.59,2168.27,1920.03,2423.41,1972.29,2368.06,11.68478261,-5.949656751,-3.369905956,1.381351751,32.55213932,71.7270195,74.85049537,20.7263838,78.86295158,-64.14108286,-55.19613935,3.721287317,2.513437962,3.959297024,6.38919622,16.19217164,31.21461644,27.73780732,1,0,0,No,Less Closely Related
Bird,Innospec Inc.,IOSP,NASDAQ,0,IXIC,1,10/30/17,9/30/18,9/30/19,12/30/17,9/30/20,3/30/18,60.95,76.75,89.14,70.6,63.32,68.6,61.65,61.65,61.65,61.65,61.65,61.65,95549,120237,103437,118932,136288,95636,117538,117538,117538,117538,117538,117538,2572.83,2913.98,2976.74,2673.61,3363,2640.87,2519.36,2519.36,2519.36,2519.36,2519.36,2519.36,-1.135442011,14.51743715,11.27331711,24.49310624,44.59042985,2.708840227,-18.70799231,1.185999421,-18.63397369,2.29627865,-11.99697119,15.95228777,2.12236441,6.122586689,4.823050298,15.66350184,18.15461069,33.48628223,1,0,0,Yes,Less Closely Related
Boatsetter,Brunswick Corp,BC,NYSE,1,NYA,0,10/31/12,10/31/12,10/31/12,10/31/12,10/31/12,10/31/12,23.59,23.59,23.59,23.59,23.59,23.59,22.63,17.66,15.81,21.99,9.48,26.29,1002934,1002934,1002934,1002934,1002934,1002934,1204379,2184608,1124158,829653,2390406,1385213,1412.16,1412.16,1412.16,1412.16,1412.16,1412.16,1440.67,1253.3,1183.26,1379.32,1036.2,1397.91,4.24215643,7.276034561,-10.27006466,33.57870895,49.20936116,148.8396624,-16.7260472,20.88596076,-27.59712766,-54.09089411,-10.78353755,-58.04336167,-1.978940354,2.380883334,1.01937893,12.67533711,19.34486081,36.28257093,0,1,0,No,Closely Related
Boatsetter,Brunswick Corp,BC,NYSE,1,NYA,1,11/30/12,10/31/13,10/31/14,1/31/13,10/31/15,4/30/13,25.77,45.13,46.8,36.16,53.81,31.66,23.59,23.59,23.59,23.59,23.59,23.59,678508,1118859,1356586,824993,1347012,1454809,1002934,1002934,1002934,1002934,1002934,1002934,1416.18,1756.54,2018.05,1498.11,2079.36,1597.57,1412.16,1412.16,1412.16,1412.16,1412.16,1412.16,9.2412039,53.28529038,34.20941077,91.30987707,98.38914794,128.1051293,-32.34769187,-17.74204484,45.05530773,11.55858711,35.26174205,34.30714284,0.284670292,6.086420802,13.12953206,24.38675504,42.90519488,47.2467709,0,1,0,Yes,Closely Related
Boatsetter,Casi Pharmaceuticals,CASI,NASDAQ,0,IXIC,0,10/31/12,10/31/12,10/31/12,10/31/12,10/31/12,10/31/12,1.65,1.65,1.65,1.65,1.65,1.65,1.84,1.7,4.26,1.97,8.25,1.96,8864,8864,8864,8864,8864,8864,7405,35184,28781,18917,17711,41211,1412.16,1412.16,1412.16,1412.16,1412.16,1412.16,1440.67,1253.3,1183.26,1379.32,1036.2,1397.91,-10.32608696,-16.24365482,-15.81632653,-2.941176471,-61.26760563,-80,19.70290344,-53.1426759,-78.49117954,-74.80673033,-69.20190403,-49.95200723,-1.978940354,2.380883334,1.01937893,12.67533711,19.34486081,36.28257093,1,0,0,No,Less Closely Related
Boatsetter,Casi Pharmaceuticals,CASI,NASDAQ,0,IXIC,1,11/30/12,10/31/13,10/31/14,1/31/13,10/31/15,4/30/13,1.54,1.83,1.79,2.37,1.27,1.86,1.65,1.65,1.65,1.65,1.65,1.65,30080,7681,6780,248067,79574,107596,8864,8864,8864,8864,8864,8864,1416.18,1756.54,2018.05,1498.11,2079.36,1597.57,1412.16,1412.16,1412.16,1412.16,1412.16,1412.16,-6.666666667,43.63636364,12.72727273,10.90909091,8.484848485,-23.03030303,239.3501805,2698.589801,1113.853791,-13.34611913,-23.51083032,797.7211191,0.284670292,6.086420802,13.12953206,24.38675504,42.90519488,47.2467709,1,0,0,Yes,Less Closely Related
Crowdmed,CVS,CVS,NYSE,1,NYA,0,8/31/12,8/31/12,8/31/12,8/31/12,8/31/12,8/31/12,45.55,45.55,45.55,45.55,45.55,45.55,45.25,35.91,26.98,44.94,37.52,45.1,4652853,4652853,4652853,4652853,4652853,4652853,5916747,8120397,10352926,10342023,12269334,10875657,1406.58,1406.58,1406.58,1406.58,1406.58,1406.58,1379.32,1218.89,1049.33,1310.33,1020.63,1365.68,0.662983425,1.357365376,0.997782705,26.84489,68.82876205,21.40191898,-21.3612987,-55.01022382,-57.21772947,-42.70165609,-55.057604,-62.07737926,1.976336166,7.345477857,2.994845059,15.39843628,34.04553382,37.81487905,0,1,0,No,Closely Related
Crowdmed,CVS,CVS,NYSE,1,NYA,1,9/30/12,8/31/13,8/31/14,11/30/12,8/31/15,2/28/13,48.42,58.05,79.45,46.51,102.4,51.12,45.55,45.55,45.55,45.55,45.55,45.55,6542048,4560879,2416170,11185127,5010159,6022865,4652853,4652853,4652853,4652853,4652853,4652853,1440.67,1632.97,2003.37,1416.18,1972.18,1514.68,1406.58,1406.58,1406.58,1406.58,1406.58,1406.58,6.300768386,2.107574094,12.22832053,27.44237102,74.42371021,124.8079034,40.6029376,140.3928729,29.44455799,-1.976722669,-48.07121566,7.679288385,2.423609038,0.682506505,7.685307626,16.09506747,42.42844346,40.21100826,0,1,0,Yes,Closely Related
Crowdmed,Team Inc.,TISI,NYSE,0,NYA,0,8/31/12,8/31/12,8/31/12,8/31/12,8/31/12,8/31/12,31.27,31.27,31.27,31.27,31.27,31.27,31.14,24.94,14.63,26.68,17.43,30.6,47576,47576,47576,47576,47576,47576,49530,94963,72634,86592,103955,107979,1406.58,1406.58,1406.58,1406.58,1406.58,1406.58,1379.32,1218.89,1049.33,1310.33,1020.63,1365.68,0.417469493,17.20389805,2.189542484,25.38091419,113.7388927,79.4033276,-3.945083788,-45.05728012,-55.93958084,-49.90048756,-34.49899496,-54.23404358,1.976336166,7.345477857,2.994845059,15.39843628,34.04553382,37.81487905,0,1,0,No,Less Closely Related
Crowdmed,Team Inc.,TISI,NYSE,0,NYA,1,9/30/12,8/31/13,8/31/14,11/30/12,8/31/15,2/28/13,31.85,39,39.91,35.92,41.84,43.86,31.27,31.27,31.27,31.27,31.27,31.27,58782,110665,37138,94533,94573,91040,47576,47576,47576,47576,47576,47576,1440.67,1632.97,2003.37,1416.18,1972.18,1514.68,1406.58,1406.58,1406.58,1406.58,1406.58,1406.58,1.85481292,14.87048289,40.26223217,24.72017909,27.6303166,33.80236649,23.55389272,98.69892383,91.35698672,132.6067765,-21.93963343,98.78299983,2.423609038,0.682506505,7.685307626,16.09506747,42.42844346,40.21100826,0,1,0,Yes,Less Closely Related
Doordash,Dominos,DPZ,NYSE,1,NYA,0,1/31/13,1/31/13,1/31/13,1/31/13,1/31/13,1/31/13,46.57,46.57,46.57,46.57,46.57,46.57,43.55,32.65,16.4,40.62,11.3,34.14,389115,389115,389115,389115,389115,389115,426099,386046,525849,443318,847394,590082,1498.11,1498.11,1498.11,1498.11,1498.11,1498.11,1426.19,1312.41,1286.12,1412.16,1073.87,1379.32,6.934557979,14.64795667,36.40890451,42.63399694,183.9634146,312.1238938,-8.679673034,-12.22666348,-34.05746998,0.794982981,-26.00252164,-54.0809824,5.042806358,6.086420802,8.612214714,14.14954168,16.48290984,39.50571298,0,1,0,No,Closely Related
Doordash,Dominos,DPZ,NYSE,1,NYA,1,2/28/13,1/31/14,1/31/15,4/30/13,1/31/16,7/31/13,47.62,70.61,99.05,55.2,113.93,62.58,46.57,46.57,46.57,46.57,46.57,46.57,1724607,645879,468751,1261021,796319,507014,389115,389115,389115,389115,389115,389115,1514.68,1782.59,1994.99,1597.57,1940.24,1685.73,1498.11,1498.11,1498.11,1498.11,1498.11,1498.11,2.254670389,18.53124329,34.37835516,51.62121537,112.6905733,144.6424737,343.2126749,224.0741169,30.29926885,65.98666204,20.4659291,104.6487542,1.106060303,6.639031847,12.52377996,18.9892598,33.16712391,29.51251911,0,1,0,Yes,Closely Related
Doordash,Invesco Dynamic Large Cap Value ETF,PWV,NYSEARCA,0,NYA,0,1/31/13,1/31/13,1/31/13,1/31/13,1/31/13,1/31/13,23.18,23.18,23.18,23.18,23.18,23.18,21.85,19.57,19.01,21.68,16.328,20.79,96274,96274,96274,96274,96274,96274,136355,38452,58087,64530,121988,74248,1498.11,1498.11,1498.11,1498.11,1498.11,1498.11,1426.19,1312.41,1286.12,1412.16,1073.87,1379.32,6.086956522,6.918819188,11.4959115,18.44660194,21.93582325,41.96472317,-29.39459499,49.19262359,29.66544553,150.3744929,65.74104361,-21.07912254,5.042806358,6.086420802,8.612214714,14.14954168,16.48290984,39.50571298,0,0,1,No,Less Closely Related
Doordash,Invesco Dynamic Large Cap Value ETF,PWV,NYSEARCA,0,NYA,1,2/28/13,1/31/14,1/31/15,4/30/13,1/31/16,7/31/13,23.56,27.35,30.0714,25.22,27.95,26.59,23.18,23.18,23.18,23.18,23.18,23.18,50539,92690,102443,94399,502146,52800,96274,96274,96274,96274,96274,96274,1514.68,1782.59,1994.99,1597.57,1940.24,1685.73,1498.11,1498.11,1498.11,1498.11,1498.11,1498.11,1.639344262,8.80069025,14.71095772,17.98964625,29.7299396,20.57808456,-47.5050377,-1.947566321,-45.1565324,-3.722708104,6.407752872,421.5800735,1.106060303,6.639031847,12.52377996,18.9892598,33.16712391,29.51251911,0,0,1,Yes,Less Closely Related
Ebay,BestBuy,BBY,NYSE,1,NYA,0,9/30/95,9/30/95,9/30/95,9/30/95,9/30/95,9/30/95,2.9167,2.9167,2.9167,2.9167,2.9167,2.9167,2.8611,4.3472,2.8819,2.9583,0.8843,2.375,1895400,1895400,1895400,1895400,1895400,1895400,5606100,4314600,3879000,3356100,1782000,4453200,584.41,584.41,584.41,584.41,584.41,584.41,560.92,462.69,458.93,544.75,417.8,502.22,1.943308518,-1.406213028,22.80842105,-32.9062385,1.207536695,229.8315051,-66.19039974,-43.5237329,-57.43734842,-56.07008761,-51.13689095,6.363636364,4.187762961,7.280403855,16.3653379,26.30703063,27.34186041,39.87793202,0,1,0,No,Closely Related
Ebay,BestBuy,BBY,NYSE,1,NYA,1,10/30/95,9/30/96,9/30/97,12/30/95,9/30/98,3/30/96,2.375,2.5278,2.7431,1.8056,9.25,1.9306,2.9167,2.9167,2.9167,2.9167,2.9167,2.9167,6303600,962100,3182400,11539800,5769000,3390300,1895400,1895400,1895400,1895400,1895400,1895400,583.25,687.31,947.28,615.93,1017.01,645.5,584.41,584.41,584.41,584.41,584.41,584.41,-18.57235917,-38.09442178,-33.80875647,-13.3335619,-5.951931978,217.1392327,232.5735992,508.8319088,78.86989554,-49.24026591,67.90123457,204.368471,-0.198490786,5.39347376,10.45327766,17.60750158,62.09168221,74.023374,0,1,0,Yes,Closely Related
Ebay,RPT Realty,RPT,NYSE,0,NYA,0,9/30/95,9/30/95,9/30/95,9/30/95,9/30/95,9/30/95,18,18,18,18,18,18,17.5,17.5,14.5,18,22,18,27250,27250,27250,27250,27250,27250,3800,4025,12950,2750,7950,3100,584.41,584.41,584.41,584.41,584.41,584.41,560.92,462.69,458.93,544.75,417.8,502.22,2.857142857,0,0,2.857142857,24.13793103,-18.18181818,617.1052632,890.9090909,779.0322581,577.0186335,110.4247104,242.7672956,4.187762961,7.280403855,16.3653379,26.30703063,27.34186041,39.87793202,0,1,0,No,Less Closely Related
Ebay,RPT Realty,RPT,NYSE,0,NYA,1,10/30/95,9/30/96,9/30/97,12/30/95,9/30/98,3/30/96,17,16.875,19.8125,18.5,16.375,19,18,18,18,18,18,18,3825,16500,2900,5875,1500,8750,27250,27250,27250,27250,27250,27250,583.25,687.31,947.28,615.93,1017.01,645.5,584.41,584.41,584.41,584.41,584.41,584.41,-5.555555556,2.777777778,5.555555556,-6.25,10.06944444,-9.027777778,-85.96330275,-78.44036697,-67.88990826,-39.44954128,-89.35779817,-94.49541284,-0.198490786,5.39347376,10.45327766,17.60750158,62.09168221,74.023374,0,1,0,Yes,Less Closely Related
Etsy,Nordstrom,JWN,NYSE,1,NYA,0,6/30/05,6/30/05,6/30/05,6/30/05,6/30/05,6/30/05,33.985,33.985,33.985,33.985,33.985,33.985,30.125,21.305,9.76,26.95,11.325,23.475,2058000,2058000,2058000,2058000,2058000,2058000,2166400,2756600,1156600,2239600,1343000,1275400,1191.33,1191.33,1191.33,1191.33,1191.33,1191.33,1198.78,1140.84,974.5,1181.41,989.81,1213.55,12.81327801,26.1038961,44.77103301,59.51654541,248.2069672,200.0883002,-5.003692762,-8.10859082,61.3611416,-25.34281361,77.93532768,53.23901713,-0.621465156,0.839674626,-1.830991719,4.425686336,22.25038481,20.35946293,0,1,0,No,Closely Related
Etsy,Nordstrom,JWN,NYSE,1,NYA,1,7/30/05,6/30/06,6/30/07,9/30/05,6/30/08,12/30/05,37.01,36.5,51.12,34.32,30.3,37.4,33.985,33.985,33.985,33.985,33.985,33.985,1446900,1810500,3333000,2299700,5353824,894300,2058000,2058000,2058000,2058000,2058000,2058000,1234.18,1270.2,1503.35,1228.81,1280,1248.29,1191.33,1191.33,1191.33,1191.33,1191.33,1191.33,8.900985729,0.985728998,10.04855083,7.400323672,50.41930263,-10.84301898,-29.69387755,11.74441205,-56.5451895,-12.02623907,61.95335277,160.1469388,3.59682036,3.146063643,4.781210916,6.620331898,26.19089589,7.442941922,0,1,0,Yes,Closely Related
Etsy,Wells Fargo & Co,WFC,NYSE,0,NYA,0,6/30/05,6/30/05,6/30/05,6/30/05,6/30/05,6/30/05,30.79,30.79,30.79,30.79,30.79,30.79,30.395,28.615,25.2,29.85,25.03,31.1,12718200,12718200,12718200,12718200,12718200,12718200,5001400,10297200,16608400,7864600,13252200,3413200,1191.33,1191.33,1191.33,1191.33,1191.33,1191.33,1198.78,1140.84,974.5,1181.41,989.81,1213.55,1.299555848,3.149078727,-0.996784566,7.600908614,22.18253968,23.01238514,154.292798,61.71451822,272.618071,23.51124578,-23.42308711,-4.029519627,-0.621465156,0.839674626,-1.830991719,4.425686336,22.25038481,20.35946293,0,1,0,No,Less Closely Related
Etsy,Wells Fargo & Co,WFC,NYSE,0,NYA,1,7/30/05,6/30/06,6/30/07,9/30/05,6/30/08,12/30/05,30.67,33.54,35.17,29.285,23.75,31.415,30.79,30.79,30.79,30.79,30.79,30.79,7598000,7971200,14624693,8148400,42295472,5243000,12718200,12718200,12718200,12718200,12718200,12718200,1234.18,1270.2,1503.35,1228.81,1280,1248.29,1191.33,1191.33,1191.33,1191.33,1191.33,1191.33,-0.389736928,-4.887950633,2.029879831,8.931471257,14.22539786,-22.86456642,-40.25884166,-35.93118523,-58.7756129,-37.32446415,14.99027378,232.5586325,3.59682036,3.146063643,4.781210916,6.620331898,26.19089589,7.442941922,0,1,0,Yes,Less Closely Related
Facebook,New York Times,NYT,NYSE,1,NYA,0,2/29/04,2/29/04,2/29/04,2/29/04,2/29/04,2/29/04,45.64,45.64,45.64,45.64,45.64,45.64,48.59,46.46,43.9,45.9,44.2,44.39,1102500,1102500,1102500,1102500,1102500,1102500,758200,397800,610300,149800,484100,512000,1144.94,1144.94,1144.94,1144.94,1144.94,1144.94,1134.12,841.15,1106.73,1058.2,1239.94,1008.01,-6.071208068,-0.566448802,2.815949538,-1.764959105,3.963553531,3.257918552,45.41018201,635.9813084,115.3320313,177.1493213,80.64886122,127.742202,0.954043664,8.196938197,13.58419063,36.11603162,3.45251326,-7.661661048,0,1,0,No,Closely Related
Facebook,New York Times,NYT,NYSE,1,NYA,1,3/29/04,2/28/05,2/28/06,5/29/04,2/28/07,8/29/04,44.25,36.66,28.22,46.63,24.73,40.98,45.64,45.64,45.64,45.64,45.64,45.64,927700,1039800,562300,408100,920300,425100,1102500,1102500,1102500,1102500,1102500,1102500,1122.47,1203.6,1280.66,1120.68,1406.82,1107.77,1144.94,1144.94,1144.94,1144.94,1144.94,1144.94,-3.045574058,2.169149869,-10.21034181,-19.67572305,-38.16827344,-45.8150745,-15.85487528,-62.98412698,-61.44217687,-5.68707483,-48.99773243,-16.5260771,-1.962548256,-2.118888326,-3.24645833,5.123412581,11.85389627,22.8728143,0,1,0,Yes,Closely Related
Facebook,Gartner,IT,NYSE,0,NYA,0,2/29/04,2/29/04,2/29/04,2/29/04,2/29/04,2/29/04,11.3,11.3,11.3,11.3,11.3,11.3,11.25,7.32,11.81,12.92,8.5,10.48,189200,189200,189200,189200,189200,189200,480400,663700,146000,111400,281000,178000,1144.94,1144.94,1144.94,1144.94,1144.94,1144.94,1134.12,841.15,1106.73,1058.2,1239.94,1008.01,0.444444444,-12.53869969,7.824427481,54.3715847,-4.318374259,32.94117647,-60.61615321,69.83842011,6.292134831,-71.49314449,29.5890411,-32.66903915,0.954043664,8.196938197,13.58419063,36.11603162,3.45251326,-7.661661048,0,1,0,No,Less Closely Related
Facebook,Gartner,IT,NYSE,0,NYA,1,3/29/04,2/28/05,2/28/06,5/29/04,2/28/07,8/29/04,11.7,9.63,14.08,12.25,21.16,12.09,11.3,11.3,11.3,11.3,11.3,11.3,483400,322000,364900,502200,677900,263900,189200,189200,189200,189200,189200,189200,1122.47,1203.6,1280.66,1120.68,1406.82,1107.77,1144.94,1144.94,1144.94,1144.94,1144.94,1144.94,3.539823009,8.407079646,6.991150442,-14.77876106,24.60176991,87.25663717,155.4968288,165.4334038,39.4820296,70.19027484,92.86469345,258.2980973,-1.962548256,-2.118888326,-3.24645833,5.123412581,11.85389627,22.8728143,0,1,0,Yes,Less Closely Related
Fiverr,Wipro,WIT,NYSE,1,NYA,0,2/1/10,2/1/10,2/1/10,2/1/10,2/1/10,2/1/10,4.2122,4.2122,4.2122,4.2122,4.2122,4.2122,4.469,1.3927,2.5365,3.4416,3.4717,2.9138,4203718,4203718,4203718,4203718,4203718,4203718,859272,3351925,4024842,7104472,1969346,2496755,1089.19,1089.19,1089.19,1089.19,1089.19,1089.19,1115.1,825.88,1395.42,1036.2,1445.94,987.48,-5.746251958,22.39074849,44.5603679,202.4484814,66.06347329,21.32960797,389.2185478,-40.82997301,68.3672607,25.41205427,4.444298683,113.4575641,-2.323558425,5.11387763,10.29995544,31.88235579,-21.94536412,-24.67253136,0,1,0,No,Closely Related
Fiverr,Wipro,WIT,NYSE,1,NYA,1,3/1/10,2/1/11,2/1/12,5/1/10,2/1/13,8/1/10,4.4891,4.4383,3.6824,4.5072,3.1941,4.5487,4.2122,4.2122,4.2122,4.2122,4.2122,4.2122,2602637,3635130,2159131,2111845,864816,1189582,4203718,4203718,4203718,4203718,4203718,4203718,1115.71,1307.59,1324.09,1186.69,1513.17,1101.6,1089.19,1089.19,1089.19,1089.19,1089.19,1089.19,6.57376193,7.003466122,7.988699492,5.367741323,-12.57775034,-24.17026732,-38.0872599,-49.76244838,-71.70166981,-13.52583594,-48.63758701,-79.42735455,2.434836897,8.951606239,1.139378804,20.05159798,21.56648519,38.9261745,0,1,0,Yes,Closely Related
Fiverr,Methanex Corporation,MEOH,NASDAQ,0,IXIC,0,2/1/10,2/1/10,2/1/10,2/1/10,2/1/10,2/1/10,23.28,23.28,23.28,23.28,23.28,23.28,19.49,7.77,25.65,17.15,26.89,16.42,505970,505970,505970,505970,505970,505970,100840,1417019,572480,456283,775362,709708,1089.19,1089.19,1089.19,1089.19,1089.19,1089.19,1115.1,825.88,1395.42,1036.2,1445.94,987.48,19.44586968,35.74344023,41.77831912,199.6138996,-9.239766082,-13.42506508,401.7552559,10.88951374,-28.70729934,-64.29335104,-11.61787311,-34.74402924,-2.323558425,5.11387763,10.29995544,31.88235579,-21.94536412,-24.67253136,1,0,0,No,Less Closely Related
Fiverr,Methanex Corporation,MEOH,NASDAQ,0,IXIC,1,3/1/10,2/1/11,2/1/12,5/1/10,2/1/13,8/1/10,24.8,28.52,28.05,23.18,35.02,22.43,23.28,23.28,23.28,23.28,23.28,23.28,361137,1258679,383290,710771,673960,359939,505970,505970,505970,505970,505970,505970,1115.71,1307.59,1324.09,1186.69,1513.17,1101.6,1089.19,1089.19,1089.19,1089.19,1089.19,1089.19,6.529209622,-0.429553265,-3.651202749,22.50859107,20.48969072,50.42955326,-28.62481965,40.47690575,-28.86159258,148.7655395,-24.24649683,33.20157322,2.434836897,8.951606239,1.139378804,20.05159798,21.56648519,38.9261745,1,0,0,Yes,Less Closely Related
Flipkey,InterContinental Hotels Group PLC,IHG,NYSE,1,NYA,0,12/31/07,12/31/07,12/31/07,12/31/07,12/31/07,12/31/07,26.6451,26.6451,26.6451,26.6451,26.6451,26.6451,29.3709,46.0702,30.1313,30.4122,35.8846,37.9463,63670,63670,63670,63670,63670,63670,60101,48614,336,359949,12485,33304,1468.36,1468.36,1468.36,1468.36,1468.36,1468.36,1481.14,1418.3,1248.29,1526.75,1211.92,1503.35,-9.280614486,-12.3868053,-29.78208679,-42.16413213,-11.57002851,-25.74781383,5.938337132,-82.311383,91.17823685,30.97050232,18849.40476,409.9719664,-0.862848887,-3.82446373,-2.327468653,3.529577663,17.62971745,21.15981253,0,1,0,No,Closely Related
Flipkey,InterContinental Hotels Group PLC,IHG,NYSE,1,NYA,1,1/31/08,12/31/08,12/31/09,3/31/08,12/31/10,6/30/08,23.6897,12.8172,22.0052,23.1231,30.2131,20.4126,26.6451,26.6451,26.6451,26.6451,26.6451,26.6451,128516,126281,33124,27297,72113,38710,63670,63670,63670,63670,63670,63670,1378.55,903.25,1115.1,1322.7,1257.64,1280,1468.36,1468.36,1468.36,1468.36,1468.36,1468.36,-11.09172043,-13.21819021,-23.3907923,-51.89659637,-17.41370834,13.39082983,101.8470237,-57.12737553,-39.20213601,98.3367363,-47.97549866,13.26056227,-6.11634749,-9.919910649,-12.82791686,-38.48579367,-24.05813288,-14.35070419,0,1,0,Yes,Closely Related
Flipkey,Tenet Healthcare Corp,THC,NYSE,0,NYA,0,12/31/07,12/31/07,12/31/07,12/31/07,12/31/07,12/31/07,20.32,20.32,20.32,20.32,20.32,20.32,22.04,27.88,30.64,13.44,43.92,26.04,828517,828517,828517,828517,828517,828517,4844490,722625,1130075,2984050,808700,1869976,1468.36,1468.36,1468.36,1468.36,1468.36,1468.36,1481.14,1418.3,1248.29,1526.75,1211.92,1503.35,-7.80399274,51.19047619,-21.96620584,-27.11621234,-33.68146214,-53.73406193,-82.89774569,-72.23515022,-55.69370944,14.65379692,-26.68477756,2.450476073,-0.862848887,-3.82446373,-2.327468653,3.529577663,17.62971745,21.15981253,0,1,0,No,Less Closely Related
Flipkey,Tenet Healthcare Corp,THC,NYSE,0,NYA,1,1/31/08,12/31/08,12/31/09,3/31/08,12/31/10,6/30/08,17.6,4.6,21.56,22.64,26.76,22.24,20.32,20.32,20.32,20.32,20.32,20.32,2967704,1541635,2284687,1760408,1121198,1519795,828517,828517,828517,828517,828517,828517,1378.55,903.25,1115.1,1322.7,1257.64,1280,1468.36,1468.36,1468.36,1468.36,1468.36,1468.36,-13.38582677,11.41732283,9.448818898,-77.36220472,6.102362205,31.69291339,258.1947021,112.476992,83.4355843,86.07161953,175.7562005,35.32588951,-6.11634749,-9.919910649,-12.82791686,-38.48579367,-24.05813288,-14.35070419,0,1,0,Yes,Less Closely Related
Freelancer,Cognizant,CTSH,NASDAQ,1,IXIC,0,12/31/09,12/31/09,12/31/09,12/31/09,12/31/09,12/31/09,22.665,22.665,22.665,22.665,22.665,22.665,21.965,9.03,16.97,19.33,19.29,13.35,2778826,2778826,2778826,2778826,2778826,2778826,6591410,5732646,4900122,8266012,2929368,9694126,1115.1,1115.1,1115.1,1115.1,1115.1,1115.1,1095.63,903.25,1468.36,1057.08,1418.3,919.32,3.186888231,17.25297465,69.7752809,150.9966777,33.55922216,17.49611198,-57.8417061,-66.38250707,-71.33495067,-51.52629344,-43.29067725,-5.139060712,1.777059774,5.488704734,21.29617543,23.45419319,-24.05813288,-21.3777057,1,0,0,No,Closely Related
Freelancer,Cognizant,CTSH,NASDAQ,1,IXIC,1,1/31/10,12/31/10,12/31/11,3/31/10,12/31/12,6/30/10,21.83,36.645,32.155,25.49,36.9412,25.03,22.665,22.665,22.665,22.665,22.665,22.665,8996556,2594060,3196688,4508848,4402828,8839682,2778826,2778826,2778826,2778826,2778826,2778826,1073.87,1257.64,1257.61,1169.43,1426.19,1030.71,1115.1,1115.1,1115.1,1115.1,1115.1,1115.1,-3.684094419,12.46415178,10.43459078,61.68100596,41.87072579,62.98786675,223.7538442,62.25729859,218.1085106,-6.649066908,15.0373575,58.44201832,-3.69742624,4.872208771,-7.567931127,12.78271007,12.78001973,27.89794637,1,0,0,Yes,Closely Related
Freelancer,Vector Group Ltd,VGR,NYSE,0,NYA,0,12/31/09,12/31/09,12/31/09,12/31/09,12/31/09,12/31/09,8.5948,8.5948,8.5948,8.5948,8.5948,8.5948,8.5395,7.9633,11.1702,9.5648,9.4132,8.3551,364284,364284,364284,364284,364284,364284,941842,313497,424808,353029,763311,452552,1115.1,1115.1,1115.1,1115.1,1115.1,1115.1,1095.63,903.25,1468.36,1057.08,1418.3,919.32,0.647578898,-10.14135162,2.868906416,7.930129469,-23.05598825,-8.694174138,-61.32217506,3.188123355,-19.50449893,16.20015503,-14.24737764,-52.27580894,1.777059774,5.488704734,21.29617543,23.45419319,-24.05813288,-21.3777057,0,1,0,No,Less Closely Related
Freelancer,Vector Group Ltd,VGR,NYSE,0,NYA,1,1/31/10,12/31/10,12/31/11,3/31/10,12/31/12,6/30/10,8.5886,11.1646,12.0207,9.4727,10.5678,10.326,8.5948,8.5948,8.5948,8.5948,8.5948,8.5948,1303966,421342,450018,521447,1090326,294647,364284,364284,364284,364284,364284,364284,1073.87,1257.64,1257.61,1169.43,1426.19,1030.71,1115.1,1115.1,1115.1,1115.1,1115.1,1115.1,-0.072136641,10.21431563,20.14241169,29.8994741,39.860148,22.95574068,257.9531355,43.14298734,-19.11612917,15.6630541,23.53493428,199.306585,-3.69742624,4.872208771,-7.567931127,12.78271007,12.78001973,27.89794637,0,1,0,Yes,Less Closely Related
Getaround,Ford,F,NYSE,1,NYA,0,9/30/09,9/30/09,9/30/09,9/30/09,9/30/09,9/30/09,7.21,7.21,7.21,7.21,7.21,7.21,7.73,5.2,8.49,6.07,8.09,2.76,95959520,95959520,95959520,95959520,95959520,95959520,44250360,43001372,45247940,85531304,29358700,63985224,1057.08,1057.08,1057.08,1057.08,1057.08,1057.08,1028.93,1166.36,1526.75,919.32,1335.85,787.53,-6.727037516,18.78088962,161.2318841,38.65384615,-15.07656066,-10.8776267,116.8559081,12.19227992,49.97137464,123.1545542,112.0748922,226.8520745,2.735851807,14.9849889,34.22726753,-9.369319936,-30.76273129,-20.86836097,0,1,0,No,Closely Related
Getaround,Ford,F,NYSE,1,NYA,1,10/30/09,9/30/10,9/30/11,12/30/09,9/30/12,3/30/10,7,12.24,9.67,9.99,9.86,13.28,7.21,7.21,7.21,7.21,7.21,7.21,95737432,42679588,56819920,46699552,44594152,142055136,95959520,95959520,95959520,95959520,95959520,95959520,1036.2,1141.2,1131.42,1126.42,1440.67,1173.27,1057.08,1057.08,1057.08,1057.08,1057.08,1057.08,-2.912621359,38.55755895,84.18862691,69.76421637,34.11927878,36.75450763,-0.231439257,-51.33411255,48.03652207,-55.52334151,-40.78761544,-53.52816271,-1.975252583,6.559579218,10.9915995,7.957770462,7.032580316,36.28769819,0,1,0,Yes,Closely Related
Getaround,Materion Corp,MTRN,NYSE,0,NYA,0,9/30/09,9/30/09,9/30/09,9/30/09,9/30/09,9/30/09,24.46,24.46,24.46,24.46,24.46,24.46,22.74,18.57,51.89,16.75,24.87,13.4,169640,169640,169640,169640,169640,169640,82075,260957,172300,130709,363900,370692,1057.08,1057.08,1057.08,1057.08,1057.08,1057.08,1028.93,1166.36,1526.75,919.32,1335.85,787.53,7.563764292,46.02985075,82.53731343,31.71782445,-52.86182309,-1.648572577,106.689004,29.78448309,-54.23694064,-34.99312147,-1.54381892,-53.38279747,2.735851807,14.9849889,34.22726753,-9.369319936,-30.76273129,-20.86836097,0,1,0,No,Less Closely Related
Getaround,Materion Corp,MTRN,NYSE,0,NYA,1,10/30/09,9/30/10,9/30/11,12/30/09,9/30/12,3/30/10,18.45,28.44,22.68,18.78,23.8,22.37,24.46,24.46,24.46,24.46,24.46,24.46,453158,126625,185251,110189,89247,248845,169640,169640,169640,169640,169640,169640,1036.2,1141.2,1131.42,1126.42,1440.67,1173.27,1057.08,1057.08,1057.08,1057.08,1057.08,1057.08,-24.57072772,-23.22158626,-8.544562551,16.27146361,-7.277187244,-2.698282911,167.1292148,-35.04539024,46.69004952,-25.35663759,9.202428672,-47.39035605,-1.975252583,6.559579218,10.9915995,7.957770462,7.032580316,36.28769819,0,1,0,Yes,Less Closely Related
Grubhub,Yum Brands,YUM,NYSE,1,NYA,0,12/31/04,12/31/04,12/31/04,12/31/04,12/31/04,12/31/04,16.9625,16.9625,16.9625,16.9625,16.9625,16.9625,16.3225,12.3677,8.7077,14.6184,8.8444,13.3816,1094600,1094600,1094600,1094600,1094600,1094600,2415200,1954600,1738000,1984400,4302000,2524000,1211.92,1211.92,1211.92,1211.92,1211.92,1211.92,1173.82,1111.92,879.82,1114.58,1148.08,1140.84,3.920967989,16.03527062,26.75987924,37.15161267,94.79885618,91.78802406,-54.67870156,-44.83975005,-56.63232964,-43.99877213,-37.01956272,-74.55602046,3.245812816,8.73333453,6.230496827,8.993452766,37.74635721,5.560588112,0,1,0,No,Closely Related
Grubhub,Yum Brands,YUM,NYSE,1,NYA,1,1/31/05,12/31/05,12/31/06,3/31/05,12/31/07,6/30/05,16.6641,16.8546,21.1402,18.6271,27.5182,18.7242,16.9625,16.9625,16.9625,16.9625,16.9625,16.9625,2186200,1588400,1178800,4018000,1391119,2054000,1094600,1094600,1094600,1094600,1094600,1094600,1181.27,1248.29,1418.3,1180.59,1468.36,1191.33,1211.92,1211.92,1211.92,1211.92,1211.92,1211.92,-1.75917465,9.813411938,10.38585114,-0.636109064,24.62903464,62.22962417,99.72592728,267.0747305,87.64845606,45.11236982,7.692307692,27.08925635,-2.529044821,-2.585154136,-1.698957027,3.00102317,17.02917684,21.15981253,0,1,0,Yes,Closely Related
Grubhub,"Micron Technology, Inc.",MU,NASDAQ,0,NYSE,0,12/31/04,12/31/04,12/31/04,12/31/04,12/31/04,12/31/04,12.35,12.35,12.35,12.35,12.35,12.35,11.08,13.47,9.74,12.03,31,15.31,4386000,4386000,4386000,4386000,4386000,4386000,7000400,7426100,6548500,13261900,3412600,10148300,1211.92,1211.92,1211.92,1211.92,1211.92,1211.92,1173.82,1111.92,879.82,1114.58,1148.08,1140.84,11.46209386,2.660016625,-19.33376878,-8.314773571,26.79671458,-60.16129032,-37.34643735,-66.92781577,-56.78093868,-40.93804285,-33.02282966,28.52370627,3.245812816,8.73333453,6.230496827,8.993452766,37.74635721,5.560588112,1,0,0,No,Less Closely Related
Grubhub,"Micron Technology, Inc.",MU,NASDAQ,0,NYSE,1,1/31/05,12/31/05,12/31/06,3/31/05,12/31/07,6/30/05,10.41,13.31,13.96,10.34,7.25,10.21,12.35,12.35,12.35,12.35,12.35,12.35,3692400,4105900,5577500,5088700,11674187,4950000,4386000,4386000,4386000,4386000,4386000,4386000,1181.27,1248.29,1418.3,1180.59,1468.36,1191.33,1211.92,1211.92,1211.92,1211.92,1211.92,1211.92,-15.70850202,-16.27530364,-17.32793522,7.773279352,13.03643725,-41.29554656,-15.81395349,16.02143183,12.85909713,-6.38622891,27.16598267,166.1693342,-2.529044821,-2.585154136,-1.698957027,3.00102317,17.02917684,21.15981253,1,0,0,Yes,Less Closely Related
Instacart,Koninklijke Ahold N.V. ADR,ADRNY,OTCMKTS,1,OTCQX,0,6/30/12,6/30/12,6/30/12,6/30/12,6/30/12,6/30/12,14.2614,14.2614,14.2614,14.2614,14.2614,14.2614,13.4672,15.447,14.2154,15.8614,13.1679,15.4815,39430,39430,39430,39430,39430,39430,77074,64401,114912,303394,52234,91500,1362.16,1362.16,1362.16,1362.16,1362.16,1362.16,1313.32,1320.64,1030.71,1408.47,919.32,1257.61,5.897291196,-10.08738195,-7.881019281,-7.675276753,0.323592723,8.304285421,-48.84137323,-87.00369816,-56.90710383,-38.77424264,-65.68678641,-24.51276946,3.71881948,-3.287964955,8.313388093,3.143930216,32.15744487,48.17038681,0,0,1,No,Closely Related
Instacart,Koninklijke Ahold N.V. ADR,ADRNY,OTCMKTS,1,OTCQX,1,7/30/12,6/30/13,6/30/14,9/30/12,6/30/15,12/30/12,13.847,17.139,19.9537,14.342,20.0494,15.3434,14.2614,14.2614,14.2614,14.2614,14.2614,14.2614,72601,173042,54910,82526,53174,103305,39430,39430,39430,39430,39430,39430,1385.3,1606.28,1960.23,1440.67,2063.11,1402.43,1362.16,1362.16,1362.16,1362.16,1362.16,1362.16,-2.905745579,0.565161906,7.586912926,20.17754218,39.91403369,40.5850758,84.12629977,109.2974892,161.9959422,338.858737,39.25944712,34.85670809,1.698772538,5.763640101,2.956334058,17.92153638,43.90600223,51.45871263,0,0,1,Yes,Closely Related
Instacart,Drive Shack Inc,DS,NYSE,0,NYA,0,6/30/12,6/30/12,6/30/12,6/30/12,6/30/12,6/30/12,2.8421,2.8421,2.8421,2.8421,2.8421,2.8421,2.8124,2.4518,1.1368,2.6639,0.28,1.9725,352199,352199,352199,352199,352199,352199,224810,122634,52739,851693,49663,83359,1362.16,1362.16,1362.16,1362.16,1362.16,1362.16,1313.32,1320.64,1030.71,1408.47,919.32,1257.61,1.056037548,6.689440294,44.08618504,15.91891671,150.0087966,915.0357143,56.66518393,-58.6471886,322.5086673,187.1952313,567.8150894,609.1778588,3.71881948,-3.287964955,8.313388093,3.143930216,32.15744487,48.17038681,0,1,0,No,Less Closely Related
Instacart,Drive Shack Inc,DS,NYSE,0,NYA,1,7/30/12,6/30/13,6/30/14,9/30/12,6/30/15,12/30/12,3.139,4.7326,5.1544,3.1942,4.42,3.5887,2.8421,2.8421,2.8421,2.8421,2.8421,2.8421,1340460,505919,427951,338840,760009,203746,352199,352199,352199,352199,352199,352199,1385.3,1606.28,1960.23,1440.67,2063.11,1402.43,1362.16,1362.16,1362.16,1362.16,1362.16,1362.16,10.44650083,12.38872665,26.26930791,66.51771577,81.35885437,55.51880652,280.5973328,-3.793026102,-42.15031843,43.6457798,21.50829503,115.789653,1.698772538,5.763640101,2.956334058,17.92153638,43.90600223,51.45871263,0,1,0,Yes,Less Closely Related
JustPark,JLL,JLL,NYSE,1,NYA,0,9/30/06,9/30/06,9/30/06,9/30/06,9/30/06,9/30/06,85.48,85.48,85.48,85.48,85.48,85.48,82.42,46.06,33.01,87.55,18.5,75.75,181200,181200,181200,181200,181200,181200,356600,179000,115500,2157700,72200,329400,1335.85,1335.85,1335.85,1335.85,1335.85,1335.85,1304.27,1228.81,1114.58,1270.2,995.97,1300.25,3.712691094,-2.364363221,12.84488449,85.58402084,158.9518328,362.0540541,-49.18676388,-91.60216898,-44.99089253,1.229050279,56.88311688,150.9695291,2.421277803,5.168477405,2.737935012,8.710866611,19.85232105,34.12552587,0,1,0,No,Closely Related
JustPark,JLL,JLL,NYSE,1,NYA,1,10/30/06,9/30/07,9/30/08,12/30/06,9/30/09,3/30/07,90.44,102.76,43.48,92.17,47.37,104.28,85.48,85.48,85.48,85.48,85.48,85.48,378000,429400,782714,77200,519352,309600,181200,181200,181200,181200,181200,181200,1377.93,1526.75,1166.36,1418.3,1057.08,1420.86,1335.85,1335.85,1335.85,1335.85,1335.85,1335.85,5.802526907,7.826392139,21.99344876,20.21525503,-49.13430042,-44.58352831,108.6092715,-57.39514349,70.86092715,136.9757174,331.9613687,186.6181015,3.150054273,6.172100161,6.363738444,14.29052663,-12.68780177,-20.86836097,0,1,0,Yes,Closely Related
JustPark,TJX Companies Inc,TJX,NYSE,0,NYA,0,9/30/06,9/30/06,9/30/06,9/30/06,9/30/06,9/30/06,7.0075,7.0075,7.0075,7.0075,7.0075,7.0075,6.6875,5.12,5.51,5.715,4.855,6.2725,14659200,14659200,14659200,14659200,14659200,14659200,13118800,9776800,9562400,8382000,14855200,10286000,1335.85,1335.85,1335.85,1335.85,1335.85,1335.85,1304.27,1228.81,1114.58,1270.2,995.97,1300.25,4.785046729,22.61592301,11.71781586,36.86523438,27.17785844,44.33573635,11.74192762,74.88904796,42.51604122,49.93863023,53.30042667,-1.319403307,2.421277803,5.168477405,2.737935012,8.710866611,19.85232105,34.12552587,0,1,0,No,Less Closely Related
JustPark,TJX Companies Inc,TJX,NYSE,0,NYA,1,10/30/06,9/30/07,9/30/08,12/30/06,9/30/09,3/30/07,7.2375,7.2675,7.63,7.13,9.2875,6.74,7.0075,7.0075,7.0075,7.0075,7.0075,7.0075,7297200,18509200,29052936,4956400,18963588,11936880,14659200,14659200,14659200,14659200,14659200,14659200,1377.93,1526.75,1166.36,1418.3,1057.08,1420.86,1335.85,1335.85,1335.85,1335.85,1335.85,1335.85,3.282197645,1.748127007,-3.817338566,3.710310382,8.883339279,32.53656796,-50.22102161,-66.18915084,-18.57072692,26.26337044,98.18909627,29.36304846,3.150054273,6.172100161,6.363738444,14.29052663,-12.68780177,-20.86836097,0,1,0,Yes,Less Closely Related
Lending Club,U.S. Bancorp,USB,NYSE,1,NYA,0,8/31/07,8/31/07,8/31/07,8/31/07,8/31/07,8/31/07,32.35,32.35,32.35,32.35,32.35,32.35,29.95,32.07,29.22,34.58,29.5,35.66,9699600,9699600,9699600,9699600,9699600,9699600,14476900,5795200,3855600,6569543,3703300,10320700,1473.99,1473.99,1473.99,1473.99,1473.99,1473.99,1455.28,1303.82,1220.33,1530.62,1104.24,1406.82,8.013355593,-6.448814344,-9.282108805,0.873090115,10.7118412,9.661016949,-32.99946812,47.64497317,-6.018002655,67.37299834,151.5717398,161.917749,1.28566324,-3.699807921,4.77459803,13.05164823,20.78618079,33.48456857,0,1,0,No,Closely Related
Lending Club,U.S. Bancorp,USB,NYSE,1,NYA,1,9/30/07,8/31/08,8/31/09,11/30/07,8/31/10,2/29/08,32.53,31.86,22.62,33.09,20.8,32.02,32.35,32.35,32.35,32.35,32.35,32.35,5418000,14255700,12854282,13165698,13834838,13082796,9699600,9699600,9699600,9699600,9699600,9699600,1526.75,1282.83,1020.63,1481.14,1049.33,1330.63,1473.99,1473.99,1473.99,1473.99,1473.99,1473.99,0.556414219,2.28748068,-1.020092736,-1.514683153,-30.07727975,-35.70324575,-44.14202648,35.73444266,34.87974762,46.97204008,32.52383603,42.63307765,3.579400132,0.485077918,-9.725981859,-12.96888039,-30.75733214,-28.81023616,0,1,0,Yes,Closely Related
Lending Club,Columbus McKinnon Corp.,CMCO,NASDAQ,0,IXIC,0,8/31/07,8/31/07,8/31/07,8/31/07,8/31/07,8/31/07,27.17,27.17,27.17,27.17,27.17,27.17,25.65,18.49,19.3,30,8.75,23.2,71081,71081,71081,71081,71081,71081,240822,180346,230148,557030,62149,118139,1473.99,1473.99,1473.99,1473.99,1473.99,1473.99,1455.28,1303.82,1220.33,1530.62,1104.24,1406.82,5.925925926,-9.433333333,17.11206897,46.94429421,40.77720207,210.5142857,-70.48400894,-87.23928693,-39.8327394,-60.58631741,-69.11509116,14.37191266,1.28566324,-3.699807921,4.77459803,13.05164823,20.78618079,33.48456857,1,0,0,No,Less Closely Related
Lending Club,Columbus McKinnon Corp.,CMCO,NASDAQ,0,IXIC,1,9/30/07,8/31/08,8/31/09,11/30/07,8/31/10,2/29/08,24.89,27.29,12.3,31.12,12.8,28.64,27.17,27.17,27.17,27.17,27.17,27.17,150447,85916,374773,316211,63344,201395,71081,71081,71081,71081,71081,71081,1526.75,1282.83,1020.63,1481.14,1049.33,1330.63,1473.99,1473.99,1473.99,1473.99,1473.99,1473.99,-8.391608392,14.53809349,5.410379095,0.4416636,-54.72948105,-52.88921605,111.6557167,344.8600892,183.331692,20.87055613,427.2477877,-10.88476527,3.579400132,0.485077918,-9.725981859,-12.96888039,-30.75733214,-28.81023616,1,0,0,Yes,Less Closely Related
Lime,Shimano,SHMDF,OTCMKTS,1,OTCQX,0,1/31/17,1/31/17,1/31/17,1/31/17,1/31/17,1/31/17,161.58,161.58,161.58,161.58,161.58,161.58,156.1,159.5,133.25,170.89,88.67,159,250,250,250,250,250,250,100,2564,137,40,200,310,2278.87,2278.87,2278.87,2278.87,2278.87,2278.87,2238.83,1940.24,1994.99,2126.15,1782.59,2173.6,3.510570147,-5.447948973,1.622641509,1.304075235,21.26078799,82.2262321,150,525,-19.35483871,-90.24960998,82.48175182,25,1.788434137,7.182936293,4.843117409,17.45299551,14.22964526,27.84038955,0,0,1,No,Closely Related
Lime,Shimano,SHMDF,OTCMKTS,1,OTCQX,1,2/28/17,1/31/18,1/31/19,4/30/17,1/31/20,7/31/17,148,142.94,138.25,152,152.875,147.64,161.58,161.58,161.58,161.58,161.58,161.58,14,100,430,325,100,6700,250,250,250,250,250,250,2363.64,2823.81,2704.1,2384.2,3225.52,2470.3,2278.87,2278.87,2278.87,2278.87,2278.87,2278.87,-8.404505508,-5.928951603,-8.62730536,-11.5360812,-14.43866815,-5.387424186,-94.4,30,2580,-60,72,-60,3.719826054,4.622027584,8.400215896,23.91272868,18.6596866,41.54032481,0,0,1,Yes,Closely Related
Lime,"GSE Systems, Inc.",GVP,NYSE,0,IXIC,0,1/31/17,1/31/17,1/31/17,1/31/17,1/31/17,1/31/17,3.1,3.1,3.1,3.1,3.1,3.1,3.5,2.11,1.6699,2.9,1.77,2.34,23813,23813,23813,23813,23813,23813,9103,18741,28350,20953,3188,12839,2278.87,2278.87,2278.87,2278.87,2278.87,2278.87,2238.83,1940.24,1994.99,2126.15,1782.59,2173.6,-11.42857143,6.896551724,32.47863248,46.91943128,85.63985867,75.14124294,161.5950785,13.64959672,85.47394657,27.06365722,-16.00352734,646.95734,1.788434137,7.182936293,4.843117409,17.45299551,14.22964526,27.84038955,0,1,0,No,Less Closely Related
Lime,"GSE Systems, Inc.",GVP,NYSE,0,IXIC,1,2/28/17,1/31/18,1/31/19,4/30/17,1/31/20,7/31/17,3.3,3.3,2.9499,3.25,1.455,2.8,3.1,3.1,3.1,3.1,3.1,3.1,42980,12437,429,9998,4719,2289,23813,23813,23813,23813,23813,23813,2363.64,2823.81,2704.1,2384.2,3225.52,2470.3,2278.87,2278.87,2278.87,2278.87,2278.87,2278.87,6.451612903,4.838709677,-9.677419355,6.451612903,-4.841935484,-53.06451613,80.48964851,-58.01452988,-90.38760341,-47.77222526,-98.19846302,-80.18309327,3.719826054,4.622027584,8.400215896,23.91272868,18.6596866,41.54032481,0,1,0,Yes,Less Closely Related
Lyft,Enterprise,EPD,NYSE,1,NYA,0,6/30/12,6/30/12,6/30/12,6/30/12,6/30/12,6/30/12,25.62,25.62,25.62,25.62,25.62,25.62,24.435,21.605,17.685,25.235,12.47,23.19,458818,458818,458818,458818,458818,458818,478752,388888,714200,439150,724400,566394,1362.16,1362.16,1362.16,1362.16,1362.16,1362.16,1313.32,1320.64,1030.71,1408.47,919.32,1257.61,4.849600982,1.525658807,10.47865459,18.58366119,44.86853265,105.4530874,-4.163742397,4.478651941,-18.99313905,17.9820411,-35.75777093,-36.66234125,3.71881948,-3.287964955,8.313388093,3.143930216,32.15744487,48.17038681,0,1,0,No,Closely Related
Lyft,Enterprise,EPD,NYSE,1,NYA,1,7/30/12,6/30/13,6/30/14,9/30/12,6/30/15,12/30/12,26.795,31.075,39.145,26.8,29.89,24.625,25.62,25.62,25.62,25.62,25.62,25.62,375198,468568,375776,299774,1347684,265832,458818,458818,458818,458818,458818,458818,1385.3,1606.28,1960.23,1440.67,2063.11,1402.43,1362.16,1362.16,1362.16,1362.16,1362.16,1362.16,4.586260734,4.605776737,-3.883684621,21.29195941,52.79078845,16.66666667,-18.22509143,-34.66385364,-42.06155818,2.125025609,-18.09911555,193.7295398,1.698772538,5.763640101,2.956334058,17.92153638,43.90600223,51.45871263,0,1,0,Yes,Closely Related
Lyft,UTStarcom Holdings Corp,UTSI,NASDAQ,0,IXIC,0,6/30/12,6/30/12,6/30/12,6/30/12,6/30/12,6/30/12,3.57,3.57,3.57,3.57,3.57,3.57,3.69,4.68,5.52,4.35,4.89,4.14,383154,383154,383154,383154,383154,383154,71125,248518,224142,168262,149041,182558,1362.16,1362.16,1362.16,1362.16,1362.16,1362.16,1313.32,1320.64,1030.71,1408.47,919.32,1257.61,-3.25203252,-17.93103448,-13.76811594,-23.71794872,-35.32608696,-26.99386503,438.7050967,127.7127337,109.8806955,54.17555268,70.9425275,157.0795955,3.71881948,-3.287964955,8.313388093,3.143930216,32.15744487,48.17038681,1,0,0,No,Less Closely Related
Lyft,UTStarcom Holdings Corp,UTSI,NASDAQ,0,IXIC,1,7/30/12,6/30/13,6/30/14,9/30/12,6/30/15,12/30/12,3.3,2.66,2.93,3.09,1.99,3,3.57,3.57,3.57,3.57,3.57,3.57,72731,34016,52586,76650,17077,104646,383154,383154,383154,383154,383154,383154,1385.3,1606.28,1960.23,1440.67,2063.11,1402.43,1362.16,1362.16,1362.16,1362.16,1362.16,1362.16,-7.56302521,-13.44537815,-15.96638655,-25.49019608,-17.92717087,-44.25770308,-81.01781529,-79.99498896,-72.68826634,-91.12210756,-86.27549236,-95.54304536,1.698772538,5.763640101,2.956334058,17.92153638,43.90600223,51.45871263,1,0,0,Yes,Less Closely Related
Neighbor,Public Storage,PSA,NYSE,1,NYA,0,3/31/17,3/31/17,3/31/17,3/31/17,3/31/17,3/31/17,218.91,218.91,218.91,218.91,218.91,218.91,227.46,275.83,197.14,223.5,168.49,223.14,1004687,1004687,1004687,1004687,1004687,1004687,1039767,623248,739728,891531,662960,1298905,2362.72,2362.72,2362.72,2362.72,2362.72,2362.72,2363.64,2059.74,2067.89,2238.83,1872.34,2168.27,-3.758902664,-2.053691275,-1.895670879,-20.63589892,11.04291367,29.92462461,-3.373832791,12.69232365,-22.65123315,61.20180089,35.81843597,51.54564378,-0.038923017,5.533693938,8.96797908,14.70962354,14.25752821,26.19075595,0,1,0,No,Closely Related
Neighbor,Public Storage,PSA,NYSE,1,NYA,1,4/30/17,3/31/18,3/31/19,6/30/17,3/31/20,9/30/17,209.38,200.39,217.78,208.53,198.61,213.99,218.91,218.91,218.91,218.91,218.91,218.91,1423353,986751,1043651,620901,1618968,909720,1004687,1004687,1004687,1004687,1004687,1004687,2384.2,2640.87,2834.4,2423.41,2584.59,2519.36,2362.72,2362.72,2362.72,2362.72,2362.72,2362.72,-4.353387237,-4.741674661,-2.247498972,-8.460097757,-0.51619387,-9.273217304,41.67128668,-38.19955867,-9.452396617,-1.785232615,3.87822277,61.14152965,0.90912169,2.568649692,6.629647186,11.7724487,19.96343198,9.390448297,0,1,0,Yes,Closely Related
Neighbor,"MasTec, Inc.",MTZ,NYSE,0,NYA,0,3/31/17,3/31/17,3/31/17,3/31/17,3/31/17,3/31/17,40.05,40.05,40.05,40.05,40.05,40.05,39.25,20.24,19.3,38.25,43.44,29.74,1003403,1003403,1003403,1003403,1003403,1003403,1232540,624721,1155667,391513,849061,575895,2362.72,2362.72,2362.72,2362.72,2362.72,2362.72,2363.64,2059.74,2067.89,2238.83,1872.34,2168.27,2.038216561,4.705882353,34.667115,97.87549407,107.5129534,-7.803867403,-18.59063398,156.2885524,74.23367107,60.61617906,-13.17542164,18.17796366,-0.038923017,5.533693938,8.96797908,14.70962354,14.25752821,26.19075595,0,1,0,No,Less Closely Related
Neighbor,"MasTec, Inc.",MTZ,NYSE,0,NYA,1,4/30/17,3/31/18,3/31/19,6/30/17,3/31/20,9/30/17,44.15,47.05,48.1,45.15,32.73,46.4,40.05,40.05,40.05,40.05,40.05,40.05,720244,1489196,1020517,475947,1615256,571939,1003403,1003403,1003403,1003403,1003403,1003403,2384.2,2640.87,2834.4,2423.41,2584.59,2519.36,2362.72,2362.72,2362.72,2362.72,2362.72,2362.72,10.2372035,12.7340824,15.85518102,17.47815231,20.09987516,-18.27715356,-28.21986779,-52.56671547,-43.00007076,48.4145453,1.705595857,60.97779257,0.90912169,2.568649692,6.629647186,11.7724487,19.96343198,9.390448297,0,1,0,Yes,Less Closely Related
Poshmark,Macys,M,NYSE,1,NYA,0,12/31/11,12/31/11,12/31/11,12/31/11,12/31/11,12/31/11,32.18,32.18,32.18,32.18,32.18,32.18,32.33,25.3,16.76,26.32,10.35,29.24,2996468,2996468,2996468,2996468,2996468,2996468,9830856,4828077,5132192,8099265,12896915,7766085,1257.61,1257.61,1257.61,1257.61,1257.61,1257.61,1246.96,1257.64,1115.1,1131.42,903.25,1320.64,-0.463965357,22.26443769,10.05471956,27.19367589,92.00477327,210.9178744,-69.51976512,-63.00321079,-61.41597729,-37.93661534,-41.61426541,-76.76600955,0.854077116,11.15324106,-4.77268597,-0.00238542,12.78001973,39.23166344,0,1,0,No,Closely Related
Poshmark,Macys,M,NYSE,1,NYA,1,1/31/12,12/31/12,12/31/13,3/31/12,12/31/14,6/30/12,33.69,39.02,53.4,39.73,65.75,34.35,32.18,32.18,32.18,32.18,32.18,32.18,6593548,7896010,2546845,3839737,3606816,6747130,2996468,2996468,2996468,2996468,2996468,2996468,1312.41,1426.19,1848.36,1408.47,2058.9,1362.16,1257.61,1257.61,1257.61,1257.61,1257.61,1257.61,4.6923555,23.4617775,6.743318832,21.25543816,65.94157862,104.3194531,120.0439985,28.1420993,125.1694328,163.5105731,-15.00509934,20.36891434,4.357471712,11.99576975,8.313388093,13.40479163,46.97402215,63.71530125,0,1,0,Yes,Closely Related
Poshmark,Masco Corp,MAS,NYSE,0,NYA,0,12/31/11,12/31/11,12/31/11,12/31/11,12/31/11,12/31/11,9.2108,9.2108,9.2108,9.2108,9.2108,9.2108,8.4198,11.1267,12.1375,6.2577,9.782,10.573,3110220,3110220,3110220,3110220,3110220,3110220,5199872,2138091,2405718,6201607,2458473,4970532,1257.61,1257.61,1257.61,1257.61,1257.61,1257.61,1246.96,1257.64,1115.1,1131.42,903.25,1320.64,9.394522435,47.19146012,-12.88376052,-17.21894182,-24.11287333,-5.839296667,-40.18660459,-49.84816032,-37.4268187,45.46714803,29.28447973,26.51023623,0.854077116,11.15324106,-4.77268597,-0.00238542,12.78001973,39.23166344,0,1,0,No,Less Closely Related
Poshmark,Masco Corp,MAS,NYSE,0,NYA,1,1/31/12,12/31/12,12/31/13,3/31/12,12/31/14,6/30/12,10.6082,14.6423,20.0123,11.7508,22.148,12.1902,9.2108,9.2108,9.2108,9.2108,9.2108,9.2108,3783359,4423966,2502757,5939148,1351060,6028771,3110220,3110220,3110220,3110220,3110220,3110220,1312.41,1426.19,1848.36,1408.47,2058.9,1362.16,1257.61,1257.61,1257.61,1257.61,1257.61,1257.61,15.17132062,27.57632345,32.34681027,58.96881921,117.269944,140.456855,21.64280983,90.95588093,93.83744558,42.23964864,-19.53119072,-56.56062915,4.357471712,11.99576975,8.313388093,13.40479163,46.97402215,63.71530125,0,1,0,Yes,Less Closely Related
Postmates,Papa Johns,PZZA,NASDAQ,1,IXIC,0,5/31/11,5/31/11,5/31/11,5/31/11,5/31/11,5/31/11,16.565,16.565,16.565,16.565,16.565,16.565,15.03,12.415,13.55,14.59,14.715,12.805,949134,949134,949134,949134,949134,949134,119646,295102,496344,620982,481998,438300,1345.2,1345.2,1345.2,1345.2,1345.2,1345.2,1363.61,1089.41,919.14,1327.22,1400.38,1180.55,10.21290752,13.53666895,29.36352987,33.42730568,22.25092251,12.57220523,693.2851913,52.84404379,116.5489391,221.6291316,91.22503747,96.91658472,-1.350092768,1.354711352,13.94688916,23.47968166,46.35420067,-3.940359045,1,0,0,No,Closely Related
Postmates,Papa Johns,PZZA,NASDAQ,1,IXIC,1,6/30/11,5/31/12,5/31/13,8/31/11,5/31/14,11/30/11,16.63,23.26,32.215,14.875,43.35,18.95,16.565,16.565,16.565,16.565,16.565,16.565,138666,241054,243168,581606,497884,739384,949134,949134,949134,949134,949134,949134,1320.64,1310.33,1630.74,1218.89,1923.57,1246.96,1345.2,1345.2,1345.2,1345.2,1345.2,1345.2,0.392393601,-10.20223363,14.39782674,40.4165409,94.47630546,161.6963477,-85.39026102,-38.72245647,-22.09909244,-74.60274313,-74.38001378,-47.54333951,-1.825750818,-9.389681832,-7.303003271,-2.592179602,21.22658341,42.99509367,1,0,0,Yes,Closely Related
Postmates,IDT Corporation,IDT,NYSE,0,NYA,0,5/31/11,5/31/11,5/31/11,5/31/11,5/31/11,5/31/11,9.9859,9.9859,9.9859,9.9859,9.9859,9.9859,9.8132,3.1853,0.5217,8.8113,3.3256,7.0375,767900,767900,767900,767900,767900,767900,137107,146138,180449,263069,180677,299593,1345.2,1345.2,1345.2,1345.2,1345.2,1345.2,1363.61,1089.41,919.14,1327.22,1400.38,1180.55,1.759874455,13.33060956,41.8955595,213.4995134,1814.107725,200.2736348,460.0735192,191.900604,156.3143999,425.4622343,325.5496013,325.0125915,-1.350092768,1.354711352,13.94688916,23.47968166,46.35420067,-3.940359045,0,1,0,No,Less Closely Related
Postmates,IDT Corporation,IDT,NYSE,0,NYA,1,6/30/11,5/31/12,5/31/13,8/31/11,5/31/14,11/30/11,9.1464,4.9886,10.4773,7.3963,11.8191,7.8324,9.9859,9.9859,9.9859,9.9859,9.9859,9.9859,149042,247518,239849,309544,183149,335237,767900,767900,767900,767900,767900,767900,1320.64,1310.33,1630.74,1218.89,1923.57,1246.96,1345.2,1345.2,1345.2,1345.2,1345.2,1345.2,-8.406853664,-25.93256492,-21.56540722,-50.04356142,4.920938523,18.35788462,-80.59096236,-59.68954291,-56.34366454,-67.76689673,-68.76559448,-76.14936841,-1.825750818,-9.389681832,-7.303003271,-2.592179602,21.22658341,42.99509367,0,1,0,Yes,Less Closely Related
RVshare,Winnebago,WGO,NYSE,1,NYA,0,12/31/12,12/31/12,12/31/12,12/31/12,12/31/12,12/31/12,17.13,17.13,17.13,17.13,17.13,17.13,14.22,7.38,15.2,12.63,12.2,10.19,422097,422097,422097,422097,422097,422097,178534,209913,244859,211441,308287,213710,1426.19,1426.19,1426.19,1426.19,1426.19,1426.19,1416.18,1257.61,1257.64,1440.67,1115.1,1362.16,20.46413502,35.62945368,68.10598626,132.1138211,12.69736842,40.40983607,136.4238744,99.62873804,97.5092415,101.0818768,72.38369837,36.91689886,0.706831053,-1.00508791,4.700622541,13.40479163,13.40208645,27.89794637,0,1,0,No,Closely Related
RVshare,Winnebago,WGO,NYSE,1,NYA,1,1/31/13,12/31/13,12/31/14,3/31/13,12/31/15,6/30/13,18.72,27.45,21.76,20.64,19.9,20.99,17.13,17.13,17.13,17.13,17.13,17.13,237432,324494,782496,812806,217539,1025428,422097,422097,422097,422097,422097,422097,1498.11,1848.36,2058.9,1569.19,2043.94,1606.28,1426.19,1426.19,1426.19,1426.19,1426.19,1426.19,9.281961471,20.49036778,22.53356684,60.24518389,27.02860479,16.17046118,-43.74942253,92.56379458,142.9365762,-23.1233579,85.38298069,-48.46232027,5.042806358,10.02671453,12.62734979,29.60124528,44.36365421,43.31470561,0,1,0,Yes,Closely Related
RVshare,Independence Holding Company,IHC,NYSE,0,NYA,0,12/31/12,12/31/12,12/31/12,12/31/12,12/31/12,12/31/12,9.52,9.52,9.52,9.52,9.52,9.52,8.5,7.3909,7.3818,10.07,5.2727,9.85,19499,19499,19499,19499,19499,19499,20956,11644,677,9437,27313,18522,1426.19,1426.19,1426.19,1426.19,1426.19,1426.19,1416.18,1257.61,1257.64,1440.67,1115.1,1362.16,12,-5.461767627,-3.350253807,28.8070465,28.96583489,80.55265803,-6.952662722,106.6228674,5.274808336,67.45963586,2780.206795,-28.60908725,0.706831053,-1.00508791,4.700622541,13.40479163,13.40208645,27.89794637,0,1,0,No,Less Closely Related
RVshare,Independence Holding Company,IHC,NYSE,0,NYA,1,1/31/13,12/31/13,12/31/14,3/31/13,12/31/15,6/30/13,9.89,13.49,13.95,10.18,13.85,11.82,9.52,9.52,9.52,9.52,9.52,9.52,2930,6885,8745,16911,18396,54741,19499,19499,19499,19499,19499,19499,1498.11,1848.36,2058.9,1569.19,2043.94,1606.28,1426.19,1426.19,1426.19,1426.19,1426.19,1426.19,3.886554622,6.932773109,24.15966387,41.70168067,46.53361345,45.48319328,-84.97358839,-13.27247551,180.7374737,-64.69049695,-55.15154623,-5.656700344,5.042806358,10.02671453,12.62734979,29.60124528,44.36365421,43.31470561,0,1,0,Yes,Less Closely Related
Roadie,UHaul,UHAL,NASDAQ,1,IXIC,0,12/31/14,12/31/14,12/31/14,12/31/14,12/31/14,12/31/14,284.26,284.26,284.26,284.26,284.26,284.26,278.2,237.84,126.81,261.89,88.4,290.76,51444,51444,51444,51444,51444,51444,7604,18821,23693,39319,30557,121585,2058.9,2058.9,2058.9,2058.9,2058.9,2058.9,2067.56,1848.36,1426.19,1972.29,1257.61,1960.23,2.178289001,8.541754172,-2.235520704,19.51732257,124.1621323,221.561086,576.5386639,30.83750858,-57.68885965,173.3329791,117.1274216,68.35422325,-0.418851206,4.391342044,5.033592997,11.39063819,44.36365421,63.71530125,1,0,0,No,Closely Related
Roadie,UHaul,UHAL,NASDAQ,1,IXIC,1,1/31/15,12/31/15,12/31/16,3/31/15,12/31/17,6/30/15,286.11,389.5,369.59,330.4,377.91,326.91,284.26,284.26,284.26,284.26,284.26,284.26,17772,47900,32205,46413,32092,57925,51444,51444,51444,51444,51444,51444,1994.99,2043.94,2238.83,2067.89,2673.61,2063.11,2058.9,2058.9,2058.9,2058.9,2058.9,2058.9,0.650812636,16.23161894,15.0038697,37.02244424,30.01829311,32.94519102,-65.45369722,-9.77956613,12.59816499,-6.889044398,-37.39794728,-37.61760361,-3.104084705,0.436640925,0.204478119,-0.726601583,8.739132547,29.85623391,1,0,0,Yes,Closely Related
Roadie,Sonic Automotive Inc,SAH,NYSE,0,NYA,0,12/31/14,12/31/14,12/31/14,12/31/14,12/31/14,12/31/14,27.04,27.04,27.04,27.04,27.04,27.04,25.79,24.48,20.89,24.51,14.81,26.68,234113,234113,234113,234113,234113,234113,172867,275867,446647,479288,387864,371696,2058.9,2058.9,2058.9,2058.9,2058.9,2058.9,2067.56,1848.36,1426.19,1972.29,1257.61,1960.23,4.84683986,10.32231742,1.349325337,10.45751634,29.43992341,82.57933828,35.42954989,-51.15400344,-37.01492618,-15.13555445,-47.58433394,-39.64044098,-0.418851206,4.391342044,5.033592997,11.39063819,44.36365421,63.71530125,0,1,0,No,Less Closely Related
Roadie,Sonic Automotive Inc,SAH,NYSE,0,NYA,1,1/31/15,12/31/15,12/31/16,3/31/15,12/31/17,6/30/15,24.63,22.76,22.9,24.9,18.45,23.83,27.04,27.04,27.04,27.04,27.04,27.04,400876,308406,193051,237845,264315,160580,234113,234113,234113,234113,234113,234113,1994.99,2043.94,2238.83,2067.89,2673.61,2063.11,2058.9,2058.9,2058.9,2058.9,2058.9,2058.9,-8.912721893,-7.914201183,-11.87130178,-15.82840237,-15.31065089,-31.76775148,71.23184103,1.594101993,-31.40919129,31.73382085,-17.53939337,12.90060783,-3.104084705,0.436640925,0.204478119,-0.726601583,8.739132547,29.85623391,0,1,0,Yes,Less Closely Related
Rover,PetSmart,PETM,NASDAQ,1,IXIC,0,6/30/11,6/30/11,6/30/11,6/30/11,6/30/11,6/30/11,45.37,45.37,45.37,45.37,45.37,45.37,45.17,30.17,21.46,41.08,19.95,40.16,954056,954056,954056,954056,954056,954056,703953,906534,2051307,793708,1909299,535076,1320.64,1320.64,1320.64,1320.64,1320.64,1320.64,1331.1,1030.71,919.32,1328.26,1280,1257.88,0.442771751,10.44303797,12.97310757,50.38117335,111.416589,127.4185464,35.52836624,20.20239181,78.30289529,5.242164111,-53.49033567,-50.03108471,-0.785816242,-0.573682863,4.989347156,28.12915369,43.65400513,3.175,1,0,0,No,Closely Related
Rover,PetSmart,PETM,NASDAQ,1,IXIC,1,7/30/11,6/30/12,6/30/13,9/30/11,6/30/14,12/30/11,43.02,68.18,66.99,42.65,59.8,51.29,45.37,45.37,45.37,45.37,45.37,45.37,1511961,1363376,1955338,889560,3728918,648297,954056,954056,954056,954056,954056,954056,1292.28,1362.16,1606.28,1131.42,1960.23,1257.61,1320.64,1320.64,1320.64,1320.64,1320.64,1320.64,-5.179634119,-5.995150981,13.04826978,50.27551245,47.6526339,31.80515759,58.47717534,-6.760190178,-32.0483284,42.90314195,104.9500239,290.8489648,-2.147443664,-14.32790162,-4.77268597,3.143930216,21.6289072,48.43030652,1,0,0,Yes,Closely Related
Rover,Apyx Medical Corp,APYX,NASDAQ,0,IXIC,0,6/30/11,6/30/11,6/30/11,6/30/11,6/30/11,6/30/11,2.61,2.61,2.61,2.61,2.61,2.61,2.95,2.98,8.71,3.41,7.15,3.34,11915,11915,11915,11915,11915,11915,4740,68230,197645,252944,30674,18848,1320.64,1320.64,1320.64,1320.64,1320.64,1320.64,1331.1,1030.71,919.32,1328.26,1280,1257.88,-11.52542373,-23.46041056,-21.85628743,-12.41610738,-70.03444317,-63.4965035,151.371308,-95.28947119,-36.78374363,-82.53700718,-93.97151458,-61.15602791,-0.785816242,-0.573682863,4.989347156,28.12915369,43.65400513,3.175,1,0,0,No,Less Closely Related
Rover,Apyx Medical Corp,APYX,NASDAQ,0,IXIC,1,7/30/11,6/30/12,6/30/13,9/30/11,6/30/14,12/30/11,2.62,2.39,2.95,2.92,3.63,2.12,2.61,2.61,2.61,2.61,2.61,2.61,5825,263279,3516,9976,16323,51230,11915,11915,11915,11915,11915,11915,1292.28,1362.16,1606.28,1131.42,1960.23,1257.61,1320.64,1320.64,1320.64,1320.64,1320.64,1320.64,0.383141762,11.87739464,-18.77394636,-8.429118774,13.02681992,39.08045977,-51.11204364,-16.2736047,329.9622325,2109.643307,-70.49097776,36.99538397,-2.147443664,-14.32790162,-4.77268597,3.143930216,21.6289072,48.43030652,1,0,0,Yes,Less Closely Related
Sideline Swap,Dick's Sporting Goods Inc,DKS,NYSE,1,NYA,0,12/31/12,12/31/12,12/31/12,12/31/12,12/31/12,12/31/12,45.49,45.49,45.49,45.49,45.49,45.49,52.51,36.88,37.5,51.85,24.87,48,837178,837178,837178,837178,837178,837178,1543173,676670,663497,1114604,518004,2566165,1426.19,1426.19,1426.19,1426.19,1426.19,1426.19,1416.18,1257.61,1257.64,1440.67,1115.1,1362.16,-13.36888212,-12.26615236,-5.229166667,23.34598698,21.30666667,82.91113792,-45.74956923,-24.8900955,-67.37629887,23.72027724,26.17660668,61.61612652,0.706831053,-1.00508791,4.700622541,13.40479163,13.40208645,27.89794637,0,1,0,No,Closely Related
Sideline Swap,Dick's Sporting Goods Inc,DKS,NYSE,1,NYA,1,1/31/13,12/31/13,12/31/14,3/31/13,12/31/15,6/30/13,47.59,58.1,49.65,47.3,35.35,50.06,45.49,45.49,45.49,45.49,45.49,45.49,2023957,518304,785528,1290774,1731574,2206933,837178,837178,837178,837178,837178,837178,1498.11,1848.36,2058.9,1569.19,2043.94,1606.28,1426.19,1426.19,1426.19,1426.19,1426.19,1426.19,4.616399209,3.978896461,10.04616399,27.72037811,9.144867004,-22.29061332,141.7594586,54.18154801,163.6157424,-38.08915189,-6.169536228,106.8346278,5.042806358,10.02671453,12.62734979,29.60124528,44.36365421,43.31470561,0,1,0,Yes,Closely Related
Sideline Swap,"SunLink Health Systems, Inc.",SSY,NYSE,0,NYA,0,12/31/12,12/31/12,12/31/12,12/31/12,12/31/12,12/31/12,1.19,1.19,1.19,1.19,1.19,1.19,1.05,1.64,1.62,1.52,1.84,1.2,38890,38890,38890,38890,38890,38890,7206,6028,3300,18765,4097,6920,1426.19,1426.19,1426.19,1426.19,1426.19,1426.19,1416.18,1257.61,1257.64,1440.67,1115.1,1362.16,13.33333333,-21.71052632,-0.833333333,-27.43902439,-26.54320988,-35.32608696,439.6891479,107.2475353,461.9942197,545.155939,1078.484848,849.2311447,0.706831053,-1.00508791,4.700622541,13.40479163,13.40208645,27.89794637,0,1,0,No,Less Closely Related
Sideline Swap,"SunLink Health Systems, Inc.",SSY,NYSE,0,NYA,1,1/31/13,12/31/13,12/31/14,3/31/13,12/31/15,6/30/13,1.13,0.88,1.37,0.9,0.9189,0.83,1.19,1.19,1.19,1.19,1.19,1.19,7700,41183,12061,46937,25453,2709,38890,38890,38890,38890,38890,38890,1498.11,1848.36,2058.9,1569.19,2043.94,1606.28,1426.19,1426.19,1426.19,1426.19,1426.19,1426.19,-5.042016807,-24.3697479,-30.25210084,-26.05042017,15.12605042,-22.78151261,-80.2005657,20.69169452,-93.03419902,5.896117254,-68.98688609,-34.55129853,5.042806358,10.02671453,12.62734979,29.60124528,44.36365421,43.31470561,0,1,0,Yes,Less Closely Related
SitterCity,Welltower Inc,WELL,NYSE,1,NYA,0,12/31/01,12/31/01,12/31/01,12/31/01,12/31/01,12/31/01,24.35,24.35,24.35,24.35,24.35,24.35,24.97,16.25,15.125,25.2,25.875,23.75,132300,132300,132300,132300,132300,132300,69100,157500,117700,157800,36000,208500,1148.08,1148.08,1148.08,1148.08,1148.08,1148.08,1139.45,1320.28,1469.25,1040.94,1229.23,1224.42,-2.482979575,-3.373015873,2.526315789,49.84615385,60.99173554,-5.893719807,91.46164978,-16.15969582,-36.54676259,-16,12.40441801,267.5,0.757382948,10.29262013,-6.234788716,-13.04268791,-21.8594521,-6.601693743,0,1,0,No,Closely Related
SitterCity,Welltower Inc,WELL,NYSE,1,NYA,1,1/31/02,12/31/02,12/31/03,3/31/02,12/31/04,6/30/02,27.33,27.05,36,27.92,38.15,29.95,24.35,24.35,24.35,24.35,24.35,24.35,108600,289500,289600,93000,343700,453500,132300,132300,132300,132300,132300,132300,1130.21,879.82,1111.92,1147.39,1211.92,989.81,1148.08,1148.08,1148.08,1148.08,1148.08,1148.08,12.23819302,14.66119097,22.99794661,11.08829569,47.84394251,56.67351129,-17.9138322,-29.70521542,242.7815571,118.8208617,118.8964475,159.7883598,-1.556511741,-0.060100341,-13.7856247,-23.36596753,-3.149606299,5.560588112,0,1,0,Yes,Closely Related
SitterCity,PTC Inc.,PTC,NASDAQ,0,IXIC,1,1/31/02,12/31/02,12/31/03,3/31/02,12/31/04,6/30/02,17.2,6.3,9.85,15.1,14.725,8.575,19.525,19.525,19.525,19.525,19.525,19.525,883760,1349152,381463,2320840,374773,4698360,1195120,1195120,1195120,1195120,1195120,1195120,1130.21,879.82,1111.92,1147.39,1211.92,989.81,1148.08,1148.08,1148.08,1148.08,1148.08,1148.08,-11.9078105,-22.66325224,-56.08194622,-67.73367478,-49.55185659,-24.58386684,-26.05261396,94.19305174,293.1287235,12.88841288,-68.08161524,-68.64139166,-1.556511741,-0.060100341,-13.7856247,-23.36596753,-3.149606299,5.560588112,1,0,0,Yes,Less Closely Related
SitterCity,PTC inc.,PTC,NASDAQ,0,IXIC,0,12/31/01,12/31/01,12/31/01,12/31/01,12/31/01,12/31/01,19.525,19.525,19.525,19.525,19.525,19.525,21.875,33.5938,67.6563,12.975,40.625,34.975,1195120,1195120,1195120,1195120,1195120,1195120,1801200,1148720,602280,1724240,1004240,1499240,1148.08,1148.08,1148.08,1148.08,1148.08,1148.08,1139.45,1320.28,1469.25,1040.94,1229.23,1224.42,-10.74285714,50.48169557,-44.17441029,-41.87915627,-71.14089893,-51.93846154,-33.64867866,-30.68714332,-20.28494437,4.039278501,98.4326227,19.00740859,0.757382948,10.29262013,-6.234788716,-13.04268791,-21.8594521,-6.601693743,1,0,0,No,Less Closely Related
Spinlister,Big 5 Sporting Goods Corp,BGFV,NASDAQ,1,IXIC,0,5/31/11,5/31/11,5/31/11,5/31/11,5/31/11,5/31/11,9.5,9.5,9.5,9.5,9.5,9.5,11.95,14.79,10.85,13.94,8.99,13.8,230390,230390,230390,230390,230390,230390,41085,80593,382878,52790,167229,96623,1345.2,1345.2,1345.2,1345.2,1345.2,1345.2,1363.61,1089.41,919.14,1327.22,1400.38,1180.55,-20.50209205,-31.8507891,-31.15942029,-35.76741041,-12.44239631,5.672969967,460.7642692,336.4273537,138.4421929,185.8684997,-39.82678556,37.76916683,-1.350092768,1.354711352,13.94688916,23.47968166,46.35420067,-3.940359045,1,0,0,No,Closely Related
Spinlister,Big 5 Sporting Goods Corp,BGFV,NASDAQ,1,IXIC,1,6/30/11,5/31/12,5/31/13,8/31/11,5/31/14,11/30/11,7.86,6.51,20.01,7.43,11.61,9.12,9.5,9.5,9.5,9.5,9.5,9.5,436609,153015,267299,50251,237684,153823,230390,230390,230390,230390,230390,230390,1320.64,1310.33,1630.74,1218.89,1923.57,1246.96,1345.2,1345.2,1345.2,1345.2,1345.2,1345.2,-17.26315789,-21.78947368,-4,-31.47368421,110.6315789,22.21052632,89.50865923,-78.18872347,-33.23364729,-33.58435696,16.02022657,3.165936022,-1.825750818,-9.389681832,-7.303003271,-2.592179602,21.22658341,42.99509367,1,0,0,Yes,Closely Related
Spinlister,California Water Service Group,CWT,NYSE,0,NYA,0,5/31/11,5/31/11,5/31/11,5/31/11,5/31/11,5/31/11,18.92,18.92,18.92,18.92,18.92,18.92,18.86,17.915,17.41,17.64,18.22,18.6,366122,366122,366122,366122,366122,366122,201770,225504,318184,273750,191944,334636,1345.2,1345.2,1345.2,1345.2,1345.2,1345.2,1363.61,1089.41,919.14,1327.22,1400.38,1180.55,0.318133616,7.256235828,1.720430108,5.60982417,8.673176335,3.841931943,81.45512217,33.74319635,9.409029513,62.35720874,15.06612526,90.74417538,-1.350092768,1.354711352,13.94688916,23.47968166,46.35420067,-3.940359045,0,1,0,No,Less Closely Related
Spinlister,California Water Service Group,CWT,NYSE,0,NYA,1,6/30/11,5/31/12,5/31/13,8/31/11,5/31/14,11/30/11,18.71,17.41,19.73,18.88,22.06,18.43,18.92,18.92,18.92,18.92,18.92,18.92,292199,211511,122325,240431,258452,390810,366122,366122,366122,366122,366122,366122,1320.64,1310.33,1630.74,1218.89,1923.57,1246.96,1345.2,1345.2,1345.2,1345.2,1345.2,1345.2,-1.109936575,-0.21141649,-2.589852008,-7.980972516,4.281183932,16.5961945,-20.19081071,-34.33035983,6.743107489,-42.22936617,-66.58900585,-29.40823004,-1.825750818,-9.389681832,-7.303003271,-2.592179602,21.22658341,42.99509367,0,1,0,Yes,Less Closely Related
TaskRabbit,Home Depot,HD,NYSE,1,NYA,0,7/31/11,7/31/11,7/31/11,7/31/11,7/31/11,7/31/11,34.93,34.93,34.93,34.93,34.93,34.93,36.22,28.51,25.94,37.15,23.83,36.77,12101742,12101742,12101742,12101742,12101742,12101742,11945125,14853137,11709979,15948723,18557612,11189703,1292.28,1292.28,1292.28,1292.28,1292.28,1292.28,1320.64,1101.6,987.48,1363.61,1267.38,1286.12,-3.561568194,-5.97577389,-5.004079413,22.51841459,34.65690054,46.57994125,1.311137389,-24.12093432,8.150698906,-18.52399934,3.345548271,-34.78825832,-2.147443664,-5.230967799,0.478959973,17.30936819,30.86644793,1.964683047,0,1,0,No,Closely Related
TaskRabbit,Home Depot,HD,NYSE,1,NYA,1,8/31/11,7/31/12,7/31/13,10/31/11,7/31/14,1/31/12,33.38,52.18,79.03,35.8,80.85,44.39,34.93,34.93,34.93,34.93,34.93,34.93,17507620,11610336,5914986,10287927,5749154,10344216,12101742,12101742,12101742,12101742,12101742,12101742,1218.89,1379.32,1685.73,1253.3,1930.67,1312.41,1292.28,1292.28,1292.28,1292.28,1292.28,1292.28,-4.437446321,2.490695677,27.0827369,49.38448325,126.252505,131.4629259,44.67024665,-14.98804883,-14.52291744,-4.060622016,-51.12285487,-52.49316999,-5.67910979,-3.01637416,1.557711951,6.735382425,30.44618813,49.40028477,0,1,0,Yes,Closely Related
TaskRabbit,Colony Bankcorp Inc,CBAN,NASDAQ,0,IXIC,0,7/31/11,7/31/11,7/31/11,7/31/11,7/31/11,7/31/11,2.79,2.79,2.79,2.79,2.79,2.79,2.87,5.95,7.3,4.09,10.5,4.25,3994,3994,3994,3994,3994,3994,100,3657,8025,2651,202,2000,1292.28,1292.28,1292.28,1292.28,1292.28,1292.28,1320.64,1101.6,987.48,1363.61,1267.38,1286.12,-2.787456446,-31.78484108,-34.35294118,-53.1092437,-61.78082192,-73.42857143,3894,50.66012825,99.7,9.215203719,-50.2305296,1877.227723,-2.147443664,-5.230967799,0.478959973,17.30936819,30.86644793,1.964683047,1,0,0,No,Less Closely Related
TaskRabbit,Colony Bankcorp Inc,CBAN,NASDAQ,0,IXIC,1,8/31/11,7/31/12,7/31/13,10/31/11,7/31/14,1/31/12,3,4,7.24,2.38,6.89,2.766,2.79,2.79,2.79,2.79,2.79,2.79,786,5612,100,1499,2281,4890,3994,3994,3994,3994,3994,3994,1218.89,1379.32,1685.73,1253.3,1930.67,1312.41,1292.28,1292.28,1292.28,1292.28,1292.28,1292.28,7.52688172,-14.6953405,-0.860215054,43.36917563,159.4982079,146.953405,-80.32048072,-62.46870305,22.43365048,40.51076615,-97.49624437,-42.889334,-5.67910979,-3.01637416,1.557711951,6.735382425,30.44618813,49.40028477,1,0,0,Yes,Less Closely Related
Turo,Hertz,HTZGQ,NYSE,1,NYA,0,6/30/10,6/30/10,6/30/10,6/30/10,6/30/10,6/30/10,32.6665,32.6665,32.6665,32.6665,32.6665,32.6665,39.2274,27.5904,33.1499,34.5312,91.7493,41.541,1755895,1755895,1755895,1755895,1755895,1755895,2218626,2256123,1575521,692521,705820,310876,1030.71,1030.71,1030.71,1030.71,1030.71,1030.71,1089.41,919.32,1280,1173.27,1503.35,1126.42,-16.72529915,-5.400044018,-21.36323151,18.39806599,-1.45822461,-64.39591365,-20.85664731,153.5511558,464.8216652,-22.1720181,11.44853036,148.7737667,-5.38823767,-12.15065586,-8.496830667,12.11656442,-19.47578125,-31.4391193,0,1,0,No,Closely Related
Turo,Hertz,HTZGQ,NYSE,1,NYA,1,7/30/10,6/30/11,6/30/12,9/30/10,6/30/13,12/30/10,40.5396,54.8355,44.1999,36.5685,85.6373,49.4141,32.6665,32.6665,32.6665,32.6665,32.6665,32.6665,2211523,1063206,1892326,9778333,3886218,362270,1755895,1755895,1755895,1755895,1755895,1755895,1101.6,1320.64,1362.16,1141.2,1606.28,1257.88,1030.71,1030.71,1030.71,1030.71,1030.71,1030.71,24.1014495,11.9449589,51.26842484,67.86463196,35.30650667,162.1563375,25.94847642,456.8859755,-79.36835631,-39.44934065,7.769883735,121.3240541,6.877783276,10.71979509,22.04014708,28.12915369,32.15744487,55.84208943,0,1,0,Yes,Closely Related
Turo,"Delta Air Lines, Inc.",DAL,NYSE,0,NYA,0,6/30/10,6/30/10,6/30/10,6/30/10,6/30/10,6/30/10,11.75,11.75,11.75,11.75,11.75,11.75,13.58,5.79,5.7,14.62,19.7,11.37,16054146,16054146,16054146,16054146,16054146,16054146,8475345,11256372,10622638,11130589,2022200,8492407,1030.71,1030.71,1030.71,1030.71,1030.71,1030.71,1089.41,919.32,1280,1173.27,1503.35,1126.42,-13.47569956,-19.63064295,3.342128408,102.9360967,106.1403509,-40.35532995,89.42174035,44.23446953,89.04117525,42.62273848,51.13144211,693.8950648,-5.38823767,-12.15065586,-8.496830667,12.11656442,-19.47578125,-31.4391193,0,1,0,No,Less Closely Related
Turo,"Delta Air Lines, Inc.",DAL,NYSE,0,NYA,1,7/30/10,6/30/11,6/30/12,9/30/10,6/30/13,12/30/10,11.88,9.17,10.95,11.64,18.71,12.49,11.75,11.75,11.75,11.75,11.75,11.75,7859390,20616810,11407385,8396937,7486388,6807207,16054146,16054146,16054146,16054146,16054146,16054146,1101.6,1320.64,1362.16,1141.2,1606.28,1257.88,1030.71,1030.71,1030.71,1030.71,1030.71,1030.71,1.106382979,-0.936170213,6.29787234,-21.95744681,-6.808510638,59.23404255,-51.04448409,-47.69614653,-57.5984484,28.42047157,-28.9443051,-53.36788391,6.877783276,10.71979509,22.04014708,28.12915369,32.15744487,55.84208943,0,1,0,Yes,Less Closely Related
Twitter,Viacom,VIAC,NASDAQ,1,IXIC,0,3/31/06,3/31/06,3/31/06,3/31/06,3/31/06,3/31/06,24.1,24.1,24.1,24.1,24.1,24.1,24.47,27.2961,30.8016,25.52,28.4335,25.8783,371900,371900,371900,371900,371900,371900,54700,318200,109200,213050,183250,65550,1294.83,1294.83,1294.83,1294.83,1294.83,1294.83,1280.66,1180.59,1126.21,1248.29,848.18,1228.81,-1.512055578,-5.564263323,-6.871780604,-11.70899872,-21.75731131,-15.24082508,579.8903108,74.55996245,467.3531655,16.8761785,240.5677656,102.946794,1.106460731,3.728300315,5.372677631,9.676517673,14.97234086,52.65981278,1,0,0,No,Closely Related
Twitter,Viacom,VIAC,NASDAQ,1,IXIC,1,4/30/06,3/31/07,3/31/08,6/30/06,3/31/09,9/30/06,25.46,30.61,22.1,27.06,3.92,28.22,24.1,24.1,24.1,24.1,24.1,24.1,52100,18100,23300,92400,31100,36200,371900,371900,371900,371900,371900,371900,1310.61,1420.86,1322.7,1270.2,797.87,1335.85,1294.83,1294.83,1294.83,1294.83,1294.83,1294.83,5.643153527,12.28215768,17.09543568,27.01244813,-8.298755187,-83.73443983,-85.99085776,-75.15461145,-90.26620059,-95.1331003,-93.73487497,-91.63753697,1.218692801,-1.902180209,3.167983442,9.733324066,2.152406107,-38.38032792,1,0,0,Yes,Closely Related
Twitter,Banc of California Inc,BANC,NYSE,0,NYA,0,3/31/06,3/31/06,3/31/06,3/31/06,3/31/06,3/31/06,30.05,30.05,30.05,30.05,30.05,30.05,29.19,26.99,22.64,27.214,16.2,25.85,237,237,237,237,237,237,375,200,35095,100,4400,3301,1294.83,1294.83,1294.83,1294.83,1294.83,1294.83,1280.66,1180.59,1126.21,1248.29,848.18,1228.81,2.946214457,10.42110678,16.24758221,11.33753242,32.72968198,85.49382716,-36.8,137,-92.82035747,18.5,-99.32469013,-94.61363636,1.106460731,3.728300315,5.372677631,9.676517673,14.97234086,52.65981278,0,1,0,No,Less Closely Related
Twitter,Banc of California Inc,BANC,NYSE,0,NYA,1,4/30/06,3/31/07,3/31/08,6/30/06,3/31/09,9/30/06,29.28,25.9,16.31,28.59,6.75,28.41,30.05,30.05,30.05,30.05,30.05,30.05,115,400,14800,490,3300,3993,237,237,237,237,237,237,1310.61,1420.86,1322.7,1270.2,797.87,1335.85,1294.83,1294.83,1294.83,1294.83,1294.83,1294.83,-2.562396007,-4.858569052,-5.457570715,-13.81031614,-45.72379368,-77.5374376,-51.47679325,106.7510549,1584.810127,68.77637131,6144.725738,1292.405063,1.218692801,-1.902180209,3.167983442,9.733324066,2.152406107,-38.38032792,0,1,0,Yes,Less Closely Related
Uber,Avis Budget Group,CAR,NASDAQ,1,IXIC,0,8/31/14,8/31/14,8/31/14,8/31/14,8/31/14,8/31/14,67.51,67.51,67.51,67.51,67.51,67.51,56.19,26.77,16.42,57.23,13.15,46.99,841880,841880,841880,841880,841880,841880,2381897,756915,712749,1129077,2646771,2231509,2003.37,2003.37,2003.37,2003.37,2003.37,2003.37,1930.67,1632.97,1406.58,1923.57,1218.89,1859.45,20.14593344,17.96260702,43.66886572,152.185282,311.1449452,413.3840304,-64.65506275,-25.43644056,-62.27306276,11.22517059,18.1173176,-68.19218587,3.765532173,4.148536315,7.739923096,22.68259674,42.42844346,64.36019657,1,0,0,No,Closely Related
Uber,Avis Budget Group,CAR,NASDAQ,1,IXIC,1,9/30/14,8/31/15,8/31/16,11/30/14,8/31/17,2/28/15,54.89,44.13,36.13,60.15,36.23,60.62,67.51,67.51,67.51,67.51,67.51,67.51,8836916,1651729,1062303,1074978,3500174,1551197,841880,841880,841880,841880,841880,841880,1972.29,1972.18,2170.95,2067.56,2471.65,2104.5,2003.37,2003.37,2003.37,2003.37,2003.37,2003.37,-18.69352688,-10.90208858,-10.20589542,-34.63190638,-46.48200267,-46.33387646,949.6645603,27.68779398,84.25393168,96.19530099,26.182235,315.7568775,-1.551385915,3.20410109,5.04799413,-1.556876663,8.364905135,23.37461378,1,0,0,Yes,Closely Related
Uber,RLJ Lodging Trust,RLJ,NYSE,0,NYA,0,8/31/14,8/31/14,8/31/14,8/31/14,8/31/14,8/31/14,29.81,29.81,29.81,29.81,29.81,29.81,28.04,22.98,17.84,27.71,13.26,25.99,639374,639374,639374,639374,639374,639374,902377,795212,159972,3215776,170208,925821,2003.37,2003.37,2003.37,2003.37,2003.37,2003.37,1930.67,1632.97,1406.58,1923.57,1218.89,1859.45,6.312410842,7.578491519,14.69796075,29.72149695,67.09641256,124.811463,-29.14557884,-80.11758282,-30.9397821,-19.59703827,299.6786938,275.642743,3.765532173,4.148536315,7.739923096,22.68259674,42.42844346,64.36019657,0,1,0,No,Less Closely Related
Uber,RLJ Lodging Trust,RLJ,NYSE,0,NYA,1,9/30/14,8/31/15,8/31/16,11/30/14,8/31/17,2/28/15,28.47,27.54,23.34,32.93,20.18,31.81,29.81,29.81,29.81,29.81,29.81,29.81,725987,1437928,1562304,421856,5328827,2083075,639374,639374,639374,639374,639374,639374,1972.29,1972.18,2170.95,2067.56,2471.65,2104.5,2003.37,2003.37,2003.37,2003.37,2003.37,2003.37,-4.49513586,10.46628648,6.709158001,-7.614894331,-21.70412613,-32.30459577,13.54653145,-34.02046377,225.799141,124.8962266,144.3490039,733.4444316,-1.551385915,3.20410109,5.04799413,-1.556876663,8.364905135,23.37461378,0,1,0,Yes,Less Closely Related
WeWork,Simon Property Group,SPG,NYSE,1,NYA,0,12/31/08,12/31/08,12/31/08,12/31/08,12/31/08,12/31/08,47.7014,47.7014,47.7014,47.7014,47.7014,47.7014,42.6466,77.985,90.9405,87.0889,68.8002,80.7054,4322445,4322445,4322445,4322445,4322445,4322445,3887475,2255517,749509,4202986,552523,2327683,903.25,903.25,903.25,903.25,903.25,903.25,896.24,1468.36,1418.3,1166.36,1248.29,1280,11.852762,-45.22677402,-40.89441351,-38.83259601,-47.54658266,-30.66677132,11.18901086,2.842241207,85.69732219,91.63876841,476.7035486,682.3104197,0.782156565,-22.5582153,-29.43359375,-38.48579367,-36.31460199,-27.64101291,0,1,0,No,Closely Related
WeWork,Simon Property Group,SPG,NYSE,1,NYA,1,1/31/09,12/31/09,12/31/10,3/31/09,12/31/11,6/30/09,38.5885,75.0308,93.544,31.8429,121.2339,47.7063,47.7014,47.7014,47.7014,47.7014,47.7014,47.7014,15665987,2464433,1220165,16482179,1018980,4422611,4322445,4322445,4322445,4322445,4322445,4322445,825.88,1115.1,1257.64,797.87,1257.61,919.32,903.25,903.25,903.25,903.25,903.25,903.25,-19.10405145,-33.24535548,0.010272235,57.29265808,96.10325902,154.1516601,262.4334607,281.316107,2.317345854,-42.9852086,-71.77141641,-76.42584232,-8.565734846,-11.66675893,1.779130916,23.45419319,39.23498478,39.23166344,0,1,0,Yes,Closely Related
WeWork,Power REIT,PW,NYSE,0,NYA,0,12/31/08,12/31/08,12/31/08,12/31/08,12/31/08,12/31/08,13.3179,13.3179,13.3179,13.3179,13.3179,13.3179,10.4502,8.6033,8.4733,8.7146,8.4455,9.2622,5148,5148,5148,5148,5148,5148,26175,754,1616,982,2586,323,903.25,903.25,903.25,903.25,903.25,903.25,896.24,1468.36,1418.3,1166.36,1248.29,1280,27.44158007,52.82284901,43.78765304,54.79990236,57.17489054,57.69226215,-80.33237822,424.2362525,1493.80805,582.7586207,218.5643564,99.07192575,0.782156565,-22.5582153,-29.43359375,-38.48579367,-36.31460199,-27.64101291,0,1,0,No,Less Closely Related
WeWork,Power REIT,PW,NYSE,0,NYA,1,1/31/09,12/31/09,12/31/10,3/31/09,12/31/11,6/30/09,11.1833,9.7242,10.4687,9.9676,10.3046,9.5637,13.3179,13.3179,13.3179,13.3179,13.3179,13.3179,3131,2613,1864,539,3400,3125,5148,5148,5148,5148,5148,5148,825.88,1115.1,1257.64,797.87,1257.61,919.32,903.25,903.25,903.25,903.25,903.25,903.25,-16.02805247,-25.1563685,-28.18912892,-26.98398396,-21.39376328,-22.62593953,-39.18026418,-89.52991453,-39.2968143,-49.24242424,-63.79176379,-33.95493395,-8.565734846,-11.66675893,1.779130916,23.45419319,39.23498478,39.23166344,0,1,0,Yes,Less Closely Related